# LAST EDIT: 2020/09/16 - MITSU;;;;;;;;;;;;;;
############;;;;;;;;;;;;;;
# MUTATION #;;;;;;;;;;;;;;
############;;;;;;;;;;;;;;
###ÄNSI;;;;;;;;;;;;;;
#;;;;;;;;;;;;;;
# MUTATION TRAITS;;;;;;;;;;;;;;
#;;;;;;;;;;;;;;
Mutation;Mutation;;;;;;;;;;;;;
mutation_minor;Minor Mutant;;;;;;;;;;;;;x
mutation_minor_desc;This character is a mutant, but the effects are still largely cosmetic.;;;;;;;;;;;;;x
mutation_major;Major Mutant;;;;;;;;;;;;;x
mutation_major_desc;This character is a mutant, and their body has undergone radical changes.;;;;;;;;;;;;;x
mutation_massive;Massive Mutant;;;;;;;;;;;;;x
mutation_massive_desc;This character is a mutant, and could well be on the way to becoming a pitiable Chaos Spawn.;;;;;;;;;;;;;x
mut_spines;Spines;;;;;;;;;;;;;
mut_spines_desc;A set of spines has burst forth from beneath this character's skin.;;;;;;;;;;;;;
mut_crests;Crests;;;;;;;;;;;;;
mut_crests_desc;This character's face is crowned by a set of crests.;;;;;;;;;;;;;
mut_horns;Horns;;;;;;;;;;;;;
mut_horns_desc;This character has a pair of horns sprouting from their head.;;;;;;;;;;;;;
mut_scales;Scales;;;;;;;;;;;;;
mut_scales_desc;This character has a set of scales growing over their skin.;;;;;;;;;;;;;
mut_thirdeye;Third Eye;;;;;;;;;;;;;
mut_thirdeye_desc;This character has a third eye on their forehead.;;;;;;;;;;;;;
mut_tongue;Whip Tongue;;;;;;;;;;;;;
mut_tongue_desc;This character's tongue has grown unnaturally long and sharp.;;;;;;;;;;;;;
mut_doublehead;Twin Head;;;;;;;;;;;;;
mut_doublehead_desc;This character has a second monstrous head coming out on the side of their neck.;;;;;;;;;;;;;
mut_beak;Beak;;;;;;;;;;;;;
mut_beak_desc;This character's face has turned into a twisted and feathered beak.;;;;;;;;;;;;;
mut_teeth;Teeth;;;;;;;;;;;;;
mut_teeth_desc;This character's teeth have turned into a cruel set of fangs.;;;;;;;;;;;;;
mut_eyes;Many Eyes;;;;;;;;;;;;;
mut_eyes_desc;This character's skin has been covered with blinking eyes.;;;;;;;;;;;;;
mut_bigeyes;Big Eyes;;;;;;;;;;;;;
mut_bigeyes_desc;This character has developed a huge and unsettling pair of eyes.;;;;;;;;;;;;;
;;;;;;;;;;;;;;
########################;;;;;;;;;;;;;;
;;;;;;;;;;;;;;
acid_excretion_1;Acid Excretion;;;;;;;;;;;;;
acid_excretion_1_desc;A foul, green, caustic liquid leaks from the pores of your skin.;;;;;;;;;;;;;
acid_excretion_2;Acid Excretion;;;;;;;;;;;;;
acid_excretion_2_desc;A foul, green, caustic liquid leaks from the pores of your skin.;;;;;;;;;;;;;
acid_excretion_3;Acid Excretion;;;;;;;;;;;;;
acid_excretion_3_desc;A foul, green, caustic liquid leaks from the pores of your skin.;;;;;;;;;;;;;
addiction_1;Addiction to alcohol;;;;;;;;;;;;;
addiction_1_desc; You gain a powerful addiction to alcohol.;;;;;;;;;;;;;
addiction_2;Addiction to Mandrake Root;;;;;;;;;;;;;
addiction_2_desc; You gain a powerful addiction to Mandrake Root.;;;;;;;;;;;;;
addiction_3;Mutation name;;;;;;;;;;;;;
addiction_3_desc;Mutation desc;;;;;;;;;;;;;
addiction_4;Mutation name;;;;;;;;;;;;;
addiction_4_desc;Mutation desc;;;;;;;;;;;;;
additional_eye_1;Additonal Eye;;;;;;;;;;;;;
additional_eye_1_desc;You grow a third eye in the centre of your head.;;;;;;;;;;;;;
additional_eye_2;Additional eye;;;;;;;;;;;;;
additional_eye_2_desc;You grow a third eye on your tongue.;;;;;;;;;;;;;
additional_eye_3;Additional eye;;;;;;;;;;;;;
additional_eye_3_desc;You grow a third eye on your right arm.;;;;;;;;;;;;;
additional_eye_4;Additional eye;;;;;;;;;;;;;
additional_eye_4_desc;You grow a third eye on your right palm.;;;;;;;;;;;;;
additional_eye_5;Additional eye;;;;;;;;;;;;;
additional_eye_5_desc;You grow a third eye on your left arm.;;;;;;;;;;;;;
additional_eye_6;Additional eye;;;;;;;;;;;;;
additional_eye_6_desc;You grow a third eye on your chest.;;;;;;;;;;;;;
additional_eye_7;Additional eye;;;;;;;;;;;;;
additional_eye_7_desc;You grow a third eye on your back.;;;;;;;;;;;;;
additional_eye_8;Additional eye;;;;;;;;;;;;;
additional_eye_8_desc;You grow a third eye on your navel.;;;;;;;;;;;;;
additional_eye_9;Additional eye;;;;;;;;;;;;;
additional_eye_9_desc;You grow a third eye on your right leg.;;;;;;;;;;;;;
additional_eye_10;Additional eye;;;;;;;;;;;;;
additional_eye_10_desc;You grow a third eye on your left leg.;;;;;;;;;;;;;
agile_1;Agile;;;;;;;;;;;;;
agile_1_desc;Your body becomes sleek, and your movements have
a graceful, almost liquid, quality.;;;;;;;;;;;;;
agile_2;Agile;;;;;;;;;;;;;
agile_2_desc;Your body becomes sleek, and your movements have
a graceful, almost liquid, quality.;;;;;;;;;;;;;
agile_3;Agile;;;;;;;;;;;;;
agile_3_desc;Your body becomes sleek, and your movements have
a graceful, almost liquid, quality.;;;;;;;;;;;;;
agile_4;Agile;;;;;;;;;;;;;
agile_4_desc;Your body becomes sleek, and your movements have
a graceful, almost liquid, quality.;;;;;;;;;;;;;
agile_5;Agile;;;;;;;;;;;;;
agile_5_desc;Your body becomes sleek, and your movements have a graceful, almost liquid, quality.;;;;;;;;;;;;;
agile_6;Agile;;;;;;;;;;;;;
agile_6_desc;Your body becomes sleek, and your movements have
a graceful, almost liquid, quality.;;;;;;;;;;;;;
agile_7;Agile;;;;;;;;;;;;;
agile_7_desc;Your body becomes sleek, and your movements have
a graceful, almost liquid, quality.;;;;;;;;;;;;;
agile_8;Agile;;;;;;;;;;;;;
agile_8_desc;Your body becomes sleek, and your movements have
a graceful, almost liquid, quality.;;;;;;;;;;;;;
agile_9;Agile;;;;;;;;;;;;;
agile_9_desc;Your body becomes sleek, and your movements have
a graceful, almost liquid, quality.;;;;;;;;;;;;;
agile_10;Agile;;;;;;;;;;;;;
agile_10_desc;Your body becomes sleek, and your movements have
a graceful, almost liquid, quality.;;;;;;;;;;;;;
albino;Albino;;;;;;;;;;;;;
albino_desc;: Your skin turns stark white, and your eyes turn red as
leeches the pigment from your body;;;;;;;;;;;;;
alluring_1;Alluring;;;;;;;;;;;;;
alluring_1_desc; Invisible fingers dance on your face, removing blemishes
and emphasising your natural beauty;;;;;;;;;;;;;
alluring_2;Alluring;;;;;;;;;;;;;
alluring_2_desc; Invisible fingers dance on your face, removing blemishes
and emphasising your natural beauty;;;;;;;;;;;;;
alluring_3;Alluring;;;;;;;;;;;;;
alluring_3_desc; Invisible fingers dance on your face, removing blemishes
and emphasising your natural beauty;;;;;;;;;;;;;
alluring_4;Alluring;;;;;;;;;;;;;
alluring_4_desc; Invisible fingers dance on your face, removing blemishes
and emphasising your natural beauty;;;;;;;;;;;;;
alluring_5;Alluring;;;;;;;;;;;;;
alluring_5_desc; Invisible fingers dance on your face, removing blemishes
and emphasising your natural beauty;;;;;;;;;;;;;
alluring_6;Alluring;;;;;;;;;;;;;
alluring_6_desc; Invisible fingers dance on your face, removing blemishes
and emphasising your natural beauty;;;;;;;;;;;;;
alluring_7;Alluring;;;;;;;;;;;;;
alluring_7_desc; Invisible fingers dance on your face, removing blemishes
and emphasising your natural beauty;;;;;;;;;;;;;
alluring_8;Alluring;;;;;;;;;;;;;
alluring_8_desc; Invisible fingers dance on your face, removing blemishes
and emphasising your natural beauty;;;;;;;;;;;;;
alluring_9;Alluring;;;;;;;;;;;;;
alluring_9_desc;Invisible fingers dance on your face, removing blemishes
and emphasising your natural beauty;;;;;;;;;;;;;
alluring_10;Alluring;;;;;;;;;;;;;
alluring_10_desc;Invisible fingers dance on your face, removing blemishes
and emphasising your natural beauty;;;;;;;;;;;;;
animalistic_legs;Animalistic Legs;;;;;;;;;;;;;
animalistic_legs_desc;Your legs undergo a startling transformation, assuming
the look and feel of a deer’s hind legs.;;;;;;;;;;;;;
atrophy_1;Atrophied head;;;;;;;;;;;;;
atrophy_1_desc;Your head shrinks, forcing a good bit of grey matter
to leak out through your ears and nose.;;;;;;;;;;;;;
atrophy_2;Athropied left arm;;;;;;;;;;;;;
atrophy_2_desc;You lose the use of your left arm;;;;;;;;;;;;;
atrophy_3;Athropied right arm;;;;;;;;;;;;;
atrophy_3_desc;You lose the use of your right arm;;;;;;;;;;;;;
atrophy_4;Athropied left leg;;;;;;;;;;;;;
atrophy_4_desc;You lose the use of your left leg;;;;;;;;;;;;;
atrophy_5;Athrophied right leg;;;;;;;;;;;;;
atrophy_5_desc;You lose the use of your left leg;;;;;;;;;;;;;
beak;Beak;;;;;;;;;;;;;
beak_desc;Your face twists and contorts, and the flesh around your
mouth lengthens and hardens, forming a beak.;;;;;;;;;;;;;
beast_with_a_thousand_eyes;Beat with a thousand eyes;;;;;;;;;;;;;
beast_with_a_thousand_eyes_desc;You gain a thousand eyes which crop up all over your body and are impossible to conceal.;;;;;;;;;;;;;
beast_with_a_thousand_noses;Beast with a thousand noses;;;;;;;;;;;;;
beast_with_a_thousand_noses_desc;You gain a thousand noses which crop up all over your body and are impossible to conceal.;;;;;;;;;;;;;
beast_with_a_thousand_ears;Beast with a thousand ears;;;;;;;;;;;;;
beast_with_a_thousand_ears_desc;You gain a thousand ears which crop up all over your body and are impossible to conceal.;;;;;;;;;;;;;
beast_with_a_thousand_sores;Beast with a thousand sores;;;;;;;;;;;;;
beast_with_a_thousand_sores_desc;You gain a thousand sores which crop up all over your body and are impossible to conceal.;;;;;;;;;;;;;
beast_with_a_thousand_tongues;Beast with a thousand tongues;;;;;;;;;;;;;
beast_with_a_thousand_tongues_desc;You gain a thousand tongues which crop up all over your body and are impossible to conceal.;;;;;;;;;;;;;
beast_with_a_thousand_nipples;Beast with a thousand nipples;;;;;;;;;;;;;
beast_with_a_thousand_nipples_desc;You gain a thousand nipples which crop up all over your body and are impossible to conceal.;;;;;;;;;;;;;
beast_with_a_thousand_arms;Beast with a thousand arms.;;;;;;;;;;;;;
beast_with_a_thousand_arms_desc;You gain a thousand arms which crop up all over your body and are impossible to conceal.;;;;;;;;;;;;;
beast_with_a_thousand_legs;Beast with a thousand legs;;;;;;;;;;;;;
beast_with_a_thousand_legs_desc;You gain a thousand legs which crop up all over your body and are impossible to conceal.;;;;;;;;;;;;;
beast_with_a_thousand_hands;Beast with a thousand hands;;;;;;;;;;;;;
beast_with_a_thousand_hands_desc;You gain a thousand hands which crop up all over your body and are impossible to conceal.;;;;;;;;;;;;;
beast_with_a_thousand_feet;Beast with a thousand feet;;;;;;;;;;;;
beast_with_a_thousand_feet_desc;You gain a thousand feet which crop up all over your body and are impossible to conceal.;;;;;;;;;;;;;
beast_with_a_thousand_fingers;Beast with a thousand fingers;;;;;;;;;;;;;
beast_with_a_thousand_fingers_desc;You gain a thousand fingers which crop up all over your body and are impossible to conceal.;;;;;;;;;;;;;
beast_with_a_thousand_toes;Beast with a thousand toes;;;;;;;;;;;;;
beast_with_a_thousand_toes_desc;You gain a thousand toes which crop up all over your body and are impossible to conceal.;;;;;;;;;;;;;
beast_with_a_thousand_orifices;Beast with a thousand orifices;;;;;;;;;;;;;
beast_with_a_thousand_orifices_desc;You gain a thousand orifices which crop up all over your body and are impossible to conceal.;;;;;;;;;;;;;
beast_with_a_thousand_faces;Beast with a thousand faces;;;;;;;;;;;;;
beast_with_a_thousand_faces_desc;You gain a thousand faces which crop up all over your body and are impossible to conceal.;;;;;;;;;;;;;
bestial_appearance;Bestial Appearance;;;;;;;;;;;;;
bestial_appearance_desc;Your face mutates, gaining the appearance of some
sort of animal or fiend.;;;;;;;;;;;;;
beweaponed_extremities;Beweaponed Extremities;;;;;;;;;;;;;
beweaponed_extremities_desc;One of your arms becomes a twisted spur of sharp bone
and hardened flesh. ;;;;;;;;;;;;;
birds_leg_1;Bird's Leg;;;;;;;;;;;;;
birds_leg_1_desc;Patches of flesh on one of your legs sprout wings and
flutter away like bloody butterflies on the wind. What’s left becomes
hardened and scaly with crumpled flesh akin to a bird’s leg.;;;;;;;;;;;;;
birds_leg_2;Bird's Leg;;;;;;;;;;;;;
birds_leg_2_desc;Patches of flesh on the other of your legs sprout wings and
flutter away like bloody butterflies on the wind. What’s left becomes
hardened and scaly with crumpled flesh akin to a bird’s leg.;;;;;;;;;;;;;
bizarre_coloration_white;Bizarre Coloration (White);;;;;;;;;;;;;
bizarre_coloration_white_desc;Your skin pigment gains a brief sentience and changes
colour to show that it’s people too.;;;;;;;;;;;;;
bizarre_coloration_brown;Bizarre Coloration (Brown);;;;;;;;;;;;;
bizarre_coloration_brown_desc;Your skin pigment gains a brief sentience and changes
colour to show that it’s people too.;;;;;;;;;;;;;
bizarre_coloration_red;Bizarre Coloration (Red);;;;;;;;;;;;;
bizarre_coloration_red_desc;Your skin pigment gains a brief sentience and changes
colour to show that it’s people too.;;;;;;;;;;;;;
bizarre_coloration_yellow;Bizarre Coloration (Yellow);;;;;;;;;;;;;
bizarre_coloration_yellow_desc;Your skin pigment gains a brief sentience and changes
colour to show that it’s people too.;;;;;;;;;;;;;
bizarre_coloration_blue;Bizarre Coloration (Blue);;;;;;;;;;;;;
bizarre_coloration_blue_desc;Your skin pigment gains a brief sentience and changes
colour to show that it’s people too.;;;;;;;;;;;;;
bizarre_coloration_green;Bizarre Coloration (Green);;;;;;;;;;;;;
bizarre_coloration_green_desc;Your skin pigment gains a brief sentience and changes
colour to show that it’s people too.;;;;;;;;;;;;;
bizarre_coloration_orange;Bizarre Coloration (Orange);;;;;;;;;;;;;
bizarre_coloration_orange_desc;Your skin pigment gains a brief sentience and changes
colour to show that it’s people too.;;;;;;;;;;;;;
bizarre_coloration_purple;Bizarre Coloration (Purple);;;;;;;;;;;;;
bizarre_coloration_purple_desc;Your skin pigment gains a brief sentience and changes
colour to show that it’s people too.;;;;;;;;;;;;;
bizarre_coloration_grey;Bizarre Coloration (Grey);;;;;;;;;;;;;
bizarre_coloration_grey_desc;Your skin pigment gains a brief sentience and changes
colour to show that it’s people too.;;;;;;;;;;;;;
bizarre_coloration_black;Bizarre Coloration (Black);;;;;;;;;;;;;
bizarre_coloration_black_desc;Your skin pigment gains a brief sentience and changes
colour to show that it’s people too.;;;;;;;;;;;;;
blood_lust;Blood Lust;;;;;;;;;;;;;
blood_lust_desc;You develop an uncontrollable and bloodthirsty rage.;;;;;;;;;;;;;
blood_substitution_acid;Blood Substitution (Acid);;;;;;;;;;;;;
blood_substitution_acid_desc;After a few shuddering minutes, you realise something
has changed inside you, as if your very blood were boiling. In fact, you’ve lost all the blood in your body, and the Dark Gods have seen
fit to replace it with acid.;;;;;;;;;;;;;
blood_substitution_insects;Blood Substitution (Insects);;;;;;;;;;;;;
blood_substitution_insects_desc;After a few shuddering minutes, you realise something
has changed inside you, as if your very blood were boiling. In fact, you’ve lost all the blood in your body, and the Dark Gods have seen
fit to replace it with insects.;;;;;;;;;;;;;
blood_substitution_electricity;Blood Substitution (Electricity);;;;;;;;;;;;;
blood_substitution_electricity_desc;After a few shuddering minutes, you realise something
has changed inside you, as if your very blood were boiling. In fact, you’ve lost all the blood in your body, and the Dark Gods have seen
fit to replace it with electricity.;;;;;;;;;;;;;
blood_substitution_excrement;Blood Substitution (Excrement);;;;;;;;;;;;;
blood_substitution_excrement_desc;After a few shuddering minutes, you realise something
has changed inside you, as if your very blood were boiling. In fact, you’ve lost all the blood in your body, and the Dark Gods have seen
fit to replace it with excrement.;;;;;;;;;;;;;
blood_substitution_eyeballs;Blood Substitution (Eyeballs);;;;;;;;;;;;;
blood_substitution_eyeballs_desc;After a few shuddering minutes, you realise something
has changed inside you, as if your very blood were boiling. In fact, you’ve lost all the blood in your body, and the Dark Gods have seen
fit to replace it with eyeballs.;;;;;;;;;;;;;
blood_substitution_fire;Blood Substitution (Fire);;;;;;;;;;;;;
blood_substitution_fire_desc;After a few shuddering minutes, you realise something
has changed inside you, as if your very blood were boiling. In fact, you’ve lost all the blood in your body, and the Dark Gods have seen
fit to replace it with fire.;;;;;;;;;;;;;
blood_substitution_glue;Blood Substitution (Glue);;;;;;;;;;;;;
blood_substitution_glue_desc;After a few shuddering minutes, you realise something
has changed inside you, as if your very blood were boiling. In fact, you’ve lost all the blood in your body, and the Dark Gods have seen
fit to replace it with glue.;;;;;;;;;;;;;
blood_substitution_maggots;Blood Substitution (Maggots);;;;;;;;;;;;;
blood_substitution_maggots_desc;After a few shuddering minutes, you realise something
has changed inside you, as if your very blood were boiling. In fact, you’ve lost all the blood in your body, and the Dark Gods have seen
fit to replace it with maggots.;;;;;;;;;;;;;
blood_substitution_mice;Blood Substitution (Mice);;;;;;;;;;;;;
blood_substitution_mice_desc;After a few shuddering minutes, you realise something
has changed inside you, as if your very blood were boiling. In fact, you’ve lost all the blood in your body, and the Dark Gods have seen
fit to replace it with mice.;;;;;;;;;;;;;
blood_substitution_molten_metal;Blood Substitution (Molten metal);;;;;;;;;;;;;
blood_substitution_molten_metal_desc;After a few shuddering minutes, you realise something
has changed inside you, as if your very blood were boiling. In fact, you’ve lost all the blood in your body, and the Dark Gods have seen
fit to replace it with molten metal.;;;;;;;;;;;;;
blood_substitution_mucous;Blood Substitution (Mucous);;;;;;;;;;;;;
blood_substitution_mucous_desc;After a few shuddering minutes, you realise something
has changed inside you, as if your very blood were boiling. In fact, you’ve lost all the blood in your body, and the Dark Gods have seen
fit to replace it with mucous.;;;;;;;;;;;;;
blood_substitution_mud;Blood Substitution (Mud);;;;;;;;;;;;;
blood_substitution_mud_desc;After a few shuddering minutes, you realise something
has changed inside you, as if your very blood were boiling. In fact, you’ve lost all the blood in your body, and the Dark Gods have seen
fit to replace it with mud.;;;;;;;;;;;;;
blood_substitution_poison;Blood Substitution (Poison);;;;;;;;;;;;;
blood_substitution_poison_desc;After a few shuddering minutes, you realise something
has changed inside you, as if your very blood were boiling. In fact, you’ve lost all the blood in your body, and the Dark Gods have seen
fit to replace it with poison.;;;;;;;;;;;;;
blood_substitution_small_birds;Blood Substitution (Small Birds);;;;;;;;;;;;;
blood_substitution_small_birds_desc;After a few shuddering minutes, you realise something
has changed inside you, as if your very blood were boiling. In fact, you’ve lost all the blood in your body, and the Dark Gods have seen
fit to replace it with small birds.;;;;;;;;;;;;;
blood_substitution_tar;Blood Substitution (Tar);;;;;;;;;;;;;
blood_substitution_tar_desc;After a few shuddering minutes, you realise something
has changed inside you, as if your very blood were boiling. In fact, you’ve lost all the blood in your body, and the Dark Gods have seen
fit to replace it with tar.;;;;;;;;;;;;;
blood_substitution_vines;Blood Substitution (Vines);;;;;;;;;;;;;
blood_substitution_vines_desc;After a few shuddering minutes, you realise something
has changed inside you, as if your very blood were boiling. In fact, you’ve lost all the blood in your body, and the Dark Gods have seen
fit to replace it with vines.;;;;;;;;;;;;;
blood_substitution_wax;Blood Substitution (Wax);;;;;;;;;;;;
blood_substitution_wax_desc;After a few shuddering minutes, you realise something
has changed inside you, as if your very blood were boiling. In fact, you’ve lost all the blood in your body, and the Dark Gods have seen
fit to replace it with wax.;;;;;;;;;;;;;
blood_substitution_wind;Blood Substitution (Wind);;;;;;;;;;;;;
blood_substitution_wind_desc;After a few shuddering minutes, you realise something
has changed inside you, as if your very blood were boiling. In fact, you’ve lost all the blood in your body, and the Dark Gods have seen
fit to replace it with wind.;;;;;;;;;;;;;
boils;Boils;;;;;;;;;;;;;
boils_desc;Strange, painful boils erupt in your armpits and other
tender locations.;;;;;;;;;;;;;
boneless;Boneless;;;;;;;;;;;;;
boneless_desc;When you’re not looking, your bones sneak out of your
body to take up a new life as Undead, leaving you as a sack of
quivering flesh.;;;;;;;;;;;;;
breathe_fire_1;Breathe Fire;;;;;;;;;;;;;
breathe_fire_1_desc;Your neck swells fearsomely. It’s warm to the touch. You can
cough up a wad of liquid flame and spit it at your enemies.;;;;;;;;;;;;;
breathe_fire_2;Breathe Fire;;;;;;;;;;;;;
breathe_fire_2_desc;Your neck swells fearsomely. It’s warm to the touch. You can
cough up a wad of liquid flame and spit it at your enemies.;;;;;;;;;;;;;
breathe_fire_3;Breathe Fire;;;;;;;;;;;;;
breathe_fire_3_desc;Your neck swells fearsomely. It’s warm to the touch. You can
cough up a wad of liquid flame and spit it at your enemies.;;;;;;;;;;;;;
brightly_patterned_skin_1;Mutation name;;;;;;;;;;;;;
brightly_patterned_skin_1_desc;Mutation desc;;;;;;;;;;;;;
brightly_patterned_skin_2;Mutation name;;;;;;;;;;;;;
brightly_patterned_skin_2_desc;Mutation desc;;;;;;;;;;;;;
brightly_patterned_skin_3;Mutation name;;;;;;;;;;;;;
brightly_patterned_skin_3_desc;Mutation desc;;;;;;;;;;;;;
brightly_patterned_skin_4;Mutation name;;;;;;;;;;;;;
brightly_patterned_skin_4_desc;Mutation desc;;;;;;;;;;;;;
brightly_patterned_skin_5;Mutation name;;;;;;;;;;;;;
brightly_patterned_skin_5_desc;Mutation desc;;;;;;;;;;;;;
brightly_patterned_skin_6;Mutation name;;;;;;;;;;;;;
brightly_patterned_skin_6_desc;Mutation desc;;;;;;;;;;;;;
brightly_patterned_skin_7;Mutation name;;;;;;;;;;;;;
brightly_patterned_skin_7_desc;Mutation desc;;;;;;;;;;;;;
brightly_patterned_skin_8;Mutation name;;;;;;;;;;;;;
brightly_patterned_skin_8_desc;Mutation desc;;;;;;;;;;;;;
brightly_patterned_skin_9;Mutation name;;;;;;;;;;;;;
brightly_patterned_skin_9_desc;Mutation desc;;;;;;;;;;;;;
brightly_patterned_skin_10;Mutation name;;;;;;;;;;;;;
brightly_patterned_skin_10_desc;Mutation desc;;;;;;;;;;;;;
burning_body;Mutation name;;;;;;;;;;;;;
burning_body_desc;Mutation desc;;;;;;;;;;;;;
centauroid_ant;Mutation name;;;;;;;;;;;;;
centauroid_ant_desc;Mutation desc;;;;;;;;;;;;;
centauroid_ass;Mutation name;;;;;;;;;;;;;
centauroid_ass_desc;Mutation desc;;;;;;;;;;;;;
centauroid_bear;Mutation name;;;;;;;;;;;;;
centauroid_bear_desc;Mutation desc;;;;;;;;;;;;;
centauroid_beerle;Mutation name;;;;;;;;;;;;;
centauroid_beerle_desc;Mutation desc;;;;;;;;;;;;;
centauroid_boar;Mutation name;;;;;;;;;;;;;
centauroid_boar_desc;Mutation desc;;;;;;;;;;;;;
centauroid_centipede;Mutation name;;;;;;;;;;;;;
centauroid_centipede_desc;Mutation desc;;;;;;;;;;;;;
centauroid_cow;Mutation name;;;;;;;;;;;;;
centauroid_cow_desc;Mutation desc;;;;;;;;;;;;;
centauroid_crocodile;Mutation name;;;;;;;;;;;;;
centauroid_crocodile_desc;Mutation desc;;;;;;;;;;;;;
centauroid_elephant;Mutation name;;;;;;;;;;;;;
centauroid_elephant_desc;Mutation desc;;;;;;;;;;;;;
centauroid_frog;Mutation name;;;;;;;;;;;;;
centauroid_frog_desc;Mutation desc;;;;;;;;;;;;;
centauroid_giraffe;Mutation name;;;;;;;;;;;;;
centauroid_giraffe_desc;Mutation desc;;;;;;;;;;;;;
centauroid_horse;Mutation name;;;;;;;;;;;;;
centauroid_horse_desc;Mutation desc;;;;;;;;;;;;;
centauroid_lion;Mutation name;;;;;;;;;;;;;
centauroid_lion_desc;Mutation desc;;;;;;;;;;;;;
centauroid_lizard;Mutation name;;;;;;;;;;;;;
centauroid_lizard_desc;Mutation desc;;;;;;;;;;;;;
centauroid_rabbit;Mutation name;;;;;;;;;;;;;
centauroid_rabbit_desc;Mutation desc;;;;;;;;;;;;;
centauroid_rat;Mutation name;;;;;;;;;;;;;
centauroid_rat_desc;Mutation desc;;;;;;;;;;;;;
centauroid_snake;Mutation name;;;;;;;;;;;;;
centauroid_snake_desc;Mutation desc;;;;;;;;;;;;;
centauroid_spider;Mutation name;;;;;;;;;;;;;
centauroid_spider_desc;Mutation desc;;;;;;;;;;;;;
centauroid_wolf;Mutation name;;;;;;;;;;;;;
centauroid_wolf_desc;Mutation desc;;;;;;;;;;;;;
chaos_organ_inside_1;Mutation name;;;;;;;;;;;;;
chaos_organ_inside_1_desc;Mutation desc;;;;;;;;;;;;;
chaos_organ_inside_2;Mutation name;;;;;;;;;;;;;
chaos_organ_inside_2_desc;Mutation desc;;;;;;;;;;;;;
chaos_organ_inside_3;Mutation name;;;;;;;;;;;;;
chaos_organ_inside_3_desc;Mutation desc;;;;;;;;;;;;;
chaos_organ_inside_4;Mutation name;;;;;;;;;;;;;
chaos_organ_inside_4_desc;Mutation desc;;;;;;;;;;;;;
chaos_organ_inside_5;Mutation name;;;;;;;;;;;;;
chaos_organ_inside_5_desc;Mutation desc;;;;;;;;;;;;;
chaos_organ_inside_6;Mutation name;;;;;;;;;;;;;
chaos_organ_inside_6_desc;Mutation desc;;;;;;;;;;;;;
chaos_organ_inside_7;Mutation name;;;;;;;;;;;;;
chaos_organ_inside_7_desc;Mutation desc;;;;;;;;;;;;;
chaos_organ_inside_8;Mutation name;;;;;;;;;;;;;
chaos_organ_inside_8_desc;Mutation desc;;;;;;;;;;;;;
chaos_organ_inside_9;Mutation name;;;;;;;;;;;;;
chaos_organ_inside_9_desc;Mutation desc;;;;;;;;;;;;;
chaos_organ_inside_10;Mutation name;;;;;;;;;;;;;
chaos_organ_inside_10_desc;Mutation desc;;;;;;;;;;;;;
chaos_organ_outside_1;Mutation name;;;;;;;;;;;;;
chaos_organ_outside_1_desc;Mutation desc;;;;;;;;;;;;;
chaos_organ_outside_2;Mutation name;;;;;;;;;;;;;
chaos_organ_outside_2_desc;Mutation desc;;;;;;;;;;;;;
chaos_organ_outside_3;Mutation name;;;;;;;;;;;;;
chaos_organ_outside_3_desc;Mutation desc;;;;;;;;;;;;;
chaos_organ_outside_4;Mutation name;;;;;;;;;;;;;
chaos_organ_outside_4_desc;Mutation desc;;;;;;;;;;;;;
chaos_organ_outside_5;Mutation name;;;;;;;;;;;;;
chaos_organ_outside_5_desc;Mutation desc;;;;;;;;;;;;;
chaos_organ_outside_6;Mutation name;;;;;;;;;;;;;
chaos_organ_outside_6_desc;Mutation desc;;;;;;;;;;;;;
chaos_organ_outside_7;Mutation name;;;;;;;;;;;;;
chaos_organ_outside_7_desc;Mutation desc;;;;;;;;;;;;;
chaos_organ_outside_8;Mutation name;;;;;;;;;;;;;
chaos_organ_outside_8_desc;Mutation desc;;;;;;;;;;;;;
chaos_organ_outside_9;Mutation name;;;;;;;;;;;;;
chaos_organ_outside_9_desc;Mutation desc;;;;;;;;;;;;;
chaos_organ_outside_10;Mutation name;;;;;;;;;;;;;
chaos_organ_outside_10_desc;Mutation desc;;;;;;;;;;;;;
claws;Mutation name;;;;;;;;;;;;;
claws_desc;Mutation desc;;;;;;;;;;;;;
cloud_of_flies;Mutation name;;;;;;;;;;;;;
cloud_of_flies_desc;Mutation desc;;;;;;;;;;;;;
cloven_hooves;Mutation name;;;;;;;;;;;;;
cloven_hooves_desc;Mutation desc;;;;;;;;;;;;;
corrosive_vomit;Mutation name;;;;;;;;;;;;;
corrosive_vomit_desc;Mutation desc;;;;;;;;;;;;;
cowardice;Mutation name;;;;;;;;;;;;;
cowardice_desc;Mutation desc;;;;;;;;;;;;;
crown_of_flesh_ears;Mutation name;;;;;;;;;;;;;
crown_of_flesh_ears_desc;Mutation desc;;;;;;;;;;;;;
crown_of_flesh_fingers;Mutation name;;;;;;;;;;;;;
crown_of_flesh_fingers_desc;Mutation desc;;;;;;;;;;;;;
crown_of_flesh_noses;Mutation name;;;;;;;;;;;;;
crown_of_flesh_noses_desc;Mutation desc;;;;;;;;;;;;;
crown_of_flesh_tongues;Mutation name;;;;;;;;;;;;;
crown_of_flesh_tongues_desc;Mutation desc;;;;;;;;;;;;;
crown_of_flesh_eyes;Mutation name;;;;;;;;;;;;;
crown_of_flesh_eyes_desc;Mutation desc;;;;;;;;;;;;;
crown_of_flesh_toes;Mutation name;;;;;;;;;;;;;
crown_of_flesh_toes_desc;Mutation desc;;;;;;;;;;;;;
crown_of_flesh_thumbs;Mutation name;;;;;;;;;;;;;
crown_of_flesh_thumbs_desc;Mutation desc;;;;;;;;;;;;;
crown_of_flesh_boils;Mutation name;;;;;;;;;;;;;
crown_of_flesh_boils_desc;Mutation desc;;;;;;;;;;;;;
crown_of_flesh_tiny_arms;Mutation name;;;;;;;;;;;;;
crown_of_flesh_tiny_arms_desc;Mutation desc;;;;;;;;;;;;;
crown_of_flesh_tentacles;Mutation name;;;;;;;;;;;;;
crown_of_flesh_tentacles_desc;Mutation desc;;;;;;;;;;;;;
crystalline_body;Mutation name;;;;;;;;;;;;;
crystalline_body_desc;Mutation desc;;;;;;;;;;;;;
cyclops;Mutation name;;;;;;;;;;;;;
cyclops_desc;Mutation desc;;;;;;;;;;;;;
dripping;Mutation name;;;;;;;;;;;;;
dripping_desc;Mutation desc;;;;;;;;;;;;;
elastic_limbs;Mutation name;;;;;;;;;;;;;
elastic_limbs_desc;Mutation desc;;;;;;;;;;;;;
electrical_touch;Mutation name;;;;;;;;;;;;;
electrical_touch_desc;Mutation desc;;;;;;;;;;;;;
enormous_head;Mutation name;;;;;;;;;;;;;
enormous_head_desc;Mutation desc;;;;;;;;;;;;;
evil_eye;Mutation name;;;;;;;;;;;;;
evil_eye_desc;Mutation desc;;;;;;;;;;;;;
extra_joints;Mutation name;;;;;;;;;;;;;
extra_joints_desc;Mutation desc;;;;;;;;;;;;;
extra_fingers_toes;Mutation name;;;;;;;;;;;;;
extra_fingers_toes_desc;Mutation desc;;;;;;;;;;;;;
extra_mouth_1;Mutation name;;;;;;;;;;;;;
extra_mouth_1_desc;Mutation desc;;;;;;;;;;;;;
extra_mouth_2;Mutation name;;;;;;;;;;;;;
extra_mouth_2_desc;Mutation desc;;;;;;;;;;;;;
extra_mouth_3;Mutation name;;;;;;;;;;;;;
extra_mouth_3_desc;Mutation desc;;;;;;;;;;;;;
extra_mouth_4;Mutation name;;;;;;;;;;;;;
extra_mouth_4_desc;Mutation desc;;;;;;;;;;;;;
extra_mouth_5;Mutation name;;;;;;;;;;;;;
extra_mouth_5_desc;Mutation desc;;;;;;;;;;;;;
extra_mouth_6;Mutation name;;;;;;;;;;;;;
extra_mouth_6_desc;Mutation desc;;;;;;;;;;;;;
extra_mouth_7;Mutation name;;;;;;;;;;;;;
extra_mouth_7_desc;Mutation desc;;;;;;;;;;;;;
extra_mouth_8;Mutation name;;;;;;;;;;;;;
extra_mouth_8_desc;Mutation desc;;;;;;;;;;;;;
extra_mouth_9;Mutation name;;;;;;;;;;;;;
extra_mouth_9_desc;Mutation desc;;;;;;;;;;;;;
extra_mouth_10;Mutation name;;;;;;;;;;;;;
extra_mouth_10_desc;Mutation desc;;;;;;;;;;;;;
extra_ear_1;Mutation name;;;;;;;;;;;;;
extra_ear_1_desc;Mutation desc;;;;;;;;;;;;;
extra_ear_2;Mutation name;;;;;;;;;;;;;
extra_ear_2_desc;Mutation desc;;;;;;;;;;;;;
extra_ear_3;Mutation name;;;;;;;;;;;;;
extra_ear_3_desc;Mutation desc;;;;;;;;;;;;;
extra_ear_4;Mutation name;;;;;;;;;;;;;
extra_ear_4_desc;Mutation desc;;;;;;;;;;;;;
extra_ear_5;Mutation name;;;;;;;;;;;;;
extra_ear_5_desc;Mutation desc;;;;;;;;;;;;;
extra_ear_6;Mutation name;;;;;;;;;;;;;
extra_ear_6_desc;Mutation desc;;;;;;;;;;;;;
extra_ear_7;Mutation name;;;;;;;;;;;;;
extra_ear_7_desc;Mutation desc;;;;;;;;;;;;;
extra_ear_8;Mutation name;;;;;;;;;;;;;
extra_ear_8_desc;Mutation desc;;;;;;;;;;;;;
extra_ear_9;Mutation name;;;;;;;;;;;;;
extra_ear_9_desc;Mutation desc;;;;;;;;;;;;;
extra_ear_10;Mutation name;;;;;;;;;;;;;
extra_ear_10_desc;Mutation desc;;;;;;;;;;;;;
extra_nose_1;Mutation name;;;;;;;;;;;;;
extra_nose_1_desc;Mutation desc;;;;;;;;;;;;;
extra_nose_2;Mutation name;;;;;;;;;;;;;
extra_nose_2_desc;Mutation desc;;;;;;;;;;;;;
extra_nose_3;Mutation name;;;;;;;;;;;;;
extra_nose_3_desc;Mutation desc;;;;;;;;;;;;;
extra_nose_4;Mutation name;;;;;;;;;;;;;
extra_nose_4_desc;Mutation desc;;;;;;;;;;;;;
extra_nose_5;Mutation name;;;;;;;;;;;;;
extra_nose_5_desc;Mutation desc;;;;;;;;;;;;;
extra_nose_6;Mutation name;;;;;;;;;;;;;
extra_nose_6_desc;Mutation desc;;;;;;;;;;;;;
extra_nose_7;Mutation name;;;;;;;;;;;;;
extra_nose_7_desc;Mutation desc;;;;;;;;;;;;;
extra_nose_8;Mutation name;;;;;;;;;;;;;
extra_nose_8_desc;Mutation desc;;;;;;;;;;;;;
extra_nose_9;Mutation name;;;;;;;;;;;;;
extra_nose_9_desc;Mutation desc;;;;;;;;;;;;;
extra_nose_10;Mutation name;;;;;;;;;;;;;
extra_nose_10_desc;Mutation desc;;;;;;;;;;;;;
eyestalks_1;Mutation name;;;;;;;;;;;;;
eyestalks_1_desc;Mutation desc;;;;;;;;;;;;;
eyestalks_2;Mutation name;;;;;;;;;;;;;
eyestalks_2_desc;Mutation desc;;;;;;;;;;;;;
fangs;Mutation name;;;;;;;;;;;;;
fangs_desc;Mutation desc;;;;;;;;;;;;;
fast_1;Mutation name;;;;;;;;;;;;;
fast_1_desc;Mutation desc;;;;;;;;;;;;;
fast_2;Mutation name;;;;;;;;;;;;;
fast_2_desc;Mutation desc;;;;;;;;;;;;;
fast_3;Mutation name;;;;;;;;;;;;;
fast_3_desc;Mutation desc;;;;;;;;;;;;;
fast_4;Mutation name;;;;;;;;;;;;;
fast_4_desc;Mutation desc;;;;;;;;;;;;;
fast_5;Mutation name;;;;;;;;;;;;;
fast_5_desc;Mutation desc;;;;;;;;;;;;;
fast_6;Mutation name;;;;;;;;;;;;;
fast_6_desc;Mutation desc;;;;;;;;;;;;;
fast_7;Mutation name;;;;;;;;;;;;;
fast_7_desc;Mutation desc;;;;;;;;;;;;;
fast_8;Mutation name;;;;;;;;;;;;;
fast_8_desc;Mutation desc;;;;;;;;;;;;;
fast_9;Mutation name;;;;;;;;;;;;;
fast_9_desc;Mutation desc;;;;;;;;;;;;;
fast_10;Mutation name;;;;;;;;;;;;;
fast_10_desc;Mutation desc;;;;;;;;;;;;;
fear_of_blood;Mutation name;;;;;;;;;;;;;
fear_of_blood_desc;Mutation desc;;;;;;;;;;;;;
feathered_hide;Mutation name;;;;;;;;;;;;;
feathered_hide_desc;Mutation desc;;;;;;;;;;;;;
featureless_face;Mutation name;;;;;;;;;;;;;
featureless_face_desc;Mutation desc;;;;;;;;;;;;;
fits;Mutation name;;;;;;;;;;;;;
fits_desc;Mutation desc;;;;;;;;;;;;;
flaming_skull_face;Mutation name;;;;;;;;;;;;;
flaming_skull_face_desc;Mutation desc;;;;;;;;;;;;;
foul_stench;Mutation name;;;;;;;;;;;;;
foul_stench_desc;Mutation desc;;;;;;;;;;;;;
froglike_eyes;Mutation name;;;;;;;;;;;;;
froglike_eyes_desc;Mutation desc;;;;;;;;;;;;;
fur;Mutation name;;;;;;;;;;;;;
fur_desc;Mutation desc;;;;;;;;;;;;;
grossly_fat_1;Mutation name;;;;;;;;;;;;;
grossly_fat_1_desc;Mutation desc;;;;;;;;;;;;;
grossly_fat_2;Mutation name;;;;;;;;;;;;;
grossly_fat_2_desc;Mutation desc;;;;;;;;;;;;;
grossly_fat_3;Mutation name;;;;;;;;;;;;;
grossly_fat_3_desc;Mutation desc;;;;;;;;;;;;;
grossly_fat_4;Mutation name;;;;;;;;;;;;;
grossly_fat_4_desc;Mutation desc;;;;;;;;;;;;;
grossly_fat_5;Mutation name;;;;;;;;;;;;;
grossly_fat_5_desc;Mutation desc;;;;;;;;;;;;;
grossly_fat_6;Mutation name;;;;;;;;;;;;;
grossly_fat_6_desc;Mutation desc;;;;;;;;;;;;;
grossly_fat_7;Mutation name;;;;;;;;;;;;;
grossly_fat_7_desc;Mutation desc;;;;;;;;;;;;;
grossly_fat_8;Mutation name;;;;;;;;;;;;;
grossly_fat_8_desc;Mutation desc;;;;;;;;;;;;;
grossly_fat_9;Mutation name;;;;;;;;;;;;;
grossly_fat_9_desc;Mutation desc;;;;;;;;;;;;;
grossly_fat_10;Mutation name;;;;;;;;;;;;;
grossly_fat_10_desc;Mutation desc;;;;;;;;;;;;;
growth_1;Mutation name;;;;;;;;;;;;;
growth_1_desc;Mutation desc;;;;;;;;;;;;;
growth_2;Mutation name;;;;;;;;;;;;;
growth_2_desc;Mutation desc;;;;;;;;;;;;;
growth_3;Mutation name;;;;;;;;;;;;;
growth_3_desc;Mutation desc;;;;;;;;;;;;;
head_crest;Mutation name;;;;;;;;;;;;;
head_crest_desc;Mutation desc;;;;;;;;;;;;;
headless;Mutation name;;;;;;;;;;;;;
headless_desc;Mutation desc;;;;;;;;;;;;;
hideous_appearance;Mutation name;;;;;;;;;;;;;
hideous_appearance_desc;Mutation desc;;;;;;;;;;;;;
hopper;Mutation name;;;;;;;;;;;;;
hopper_desc;Mutation desc;;;;;;;;;;;;;
horns_1;Mutation name;;;;;;;;;;;;;
horns_1_desc;Mutation desc;;;;;;;;;;;;;
horns_2;Mutation name;;;;;;;;;;;;;
horns_2_desc;Mutation desc;;;;;;;;;;;;;
horns_3;Mutation name;;;;;;;;;;;;;
horns_3_desc;Mutation desc;;;;;;;;;;;;;
host_of_maggots;Mutation name;;;;;;;;;;;;;
host_of_maggots_desc;Mutation desc;;;;;;;;;;;;;
hulking_brute;Mutation name;;;;;;;;;;;;;
hulking_brute_desc;Mutation desc;;;;;;;;;;;;;
hypnotic_gaze;Mutation name;;;;;;;;;;;;;
hypnotic_gaze_desc;Mutation desc;;;;;;;;;;;;;
illusion_of_normality;Mutation name;;;;;;;;;;;;;
illusion_of_normality_desc;Mutation desc;;;;;;;;;;;;;
inside_out;Mutation name;;;;;;;;;;;;;
inside_out_desc;Mutation desc;;;;;;;;;;;;;
intelligent_cyst_1;Mutation name;;;;;;;;;;;;;
intelligent_cyst_1_desc;Mutation desc;;;;;;;;;;;;;
intelligent_cyst_2;Mutation name;;;;;;;;;;;;;
intelligent_cyst_2_desc;Mutation desc;;;;;;;;;;;;;
intelligent_cyst_3;Mutation name;;;;;;;;;;;;;
intelligent_cyst_3_desc;Mutation desc;;;;;;;;;;;;;
invisibility;Mutation name;;;;;;;;;;;;;
invisibility_desc;Mutation desc;;;;;;;;;;;;;
iron-hard_skin_1;Mutation name;;;;;;;;;;;;;
iron-hard_skin_1_desc;Mutation desc;;;;;;;;;;;;;
iron-hard_skin_2;Mutation name;;;;;;;;;;;;;
iron-hard_skin_2_desc;Mutation desc;;;;;;;;;;;;;
iron-hard_skin_3;Mutation name;;;;;;;;;;;;;
iron-hard_skin_3_desc;Mutation desc;;;;;;;;;;;;;
iron-hard_skin_4;Mutation name;;;;;;;;;;;;;
iron-hard_skin_4_desc;Mutation desc;;;;;;;;;;;;;
iron-hard_skin_5;Mutation name;;;;;;;;;;;;;
iron-hard_skin_5_desc;Mutation desc;;;;;;;;;;;;;
iron-hard_skin_6;Mutation name;;;;;;;;;;;;;
iron-hard_skin_6_desc;Mutation desc;;;;;;;;;;;;;
large_ears;Mutation name;;;;;;;;;;;;;
large_ears_desc;Mutation desc;;;;;;;;;;;;;
leathery_skin_1;Mutation name;;;;;;;;;;;;;
leathery_skin_1_desc;Mutation desc;;;;;;;;;;;;;
leathery_skin_2;Mutation name;;;;;;;;;;;;;
leathery_skin_2_desc;Mutation desc;;;;;;;;;;;;;
leathery_skin_3;Mutation name;;;;;;;;;;;;;
leathery_skin_3_desc;Mutation desc;;;;;;;;;;;;;
leathery_skin_4;Mutation name;;;;;;;;;;;;;
leathery_skin_4_desc;Mutation desc;;;;;;;;;;;;;
leathery_skin_5;Mutation name;;;;;;;;;;;;;
leathery_skin_5_desc;Mutation desc;;;;;;;;;;;;;
leathery_skin_6;Mutation name;;;;;;;;;;;;;
leathery_skin_6_desc;Mutation desc;;;;;;;;;;;;;
leathery_skin_7;Mutation name;;;;;;;;;;;;;
leathery_skin_7_desc;Mutation desc;;;;;;;;;;;;;
leathery_skin_8;Mutation name;;;;;;;;;;;;;
leathery_skin_8_desc;Mutation desc;;;;;;;;;;;;;
leathery_skin_9;Mutation name;;;;;;;;;;;;;
leathery_skin_9_desc;Mutation desc;;;;;;;;;;;;;
leathery_skin_10;Mutation name;;;;;;;;;;;;;
leathery_skin_10_desc;Mutation desc;;;;;;;;;;;;;
levitation;Mutation name;;;;;;;;;;;;;
levitation_desc;Mutation desc;;;;;;;;;;;;;
long_legs;Mutation name;;;;;;;;;;;;;
long_legs_desc;Mutation desc;;;;;;;;;;;;;
long_neck;Mutation name;;;;;;;;;;;;;
long_neck_desc;Mutation desc;;;;;;;;;;;;;
long_nose;Mutation name;;;;;;;;;;;;;
long_nose_desc;Mutation desc;;;;;;;;;;;;;
long_spines;Mutation name;;;;;;;;;;;;;
long_spines_desc;Mutation desc;;;;;;;;;;;;;
magic_immune;Mutation name;;;;;;;;;;;;;
magic_immune_desc;Mutation desc;;;;;;;;;;;;;
magic_resistant;Mutation name;;;;;;;;;;;;;
magic_resistant_desc;Mutation desc;;;;;;;;;;;;;
mane_of_hair;Mutation name;;;;;;;;;;;;;
mane_of_hair_desc;Mutation desc;;;;;;;;;;;;;
manic_fighter;Mutation name;;;;;;;;;;;;;
manic_fighter_desc;Mutation desc;;;;;;;;;;;;;
manikin;Mutation name;;;;;;;;;;;;;
manikin_desc;Mutation desc;;;;;;;;;;;;;
mechanoid;Mutation name;;;;;;;;;;;;;
mechanoid_desc;Mutation desc;;;;;;;;;;;;;
mer_creature;Mutation name;;;;;;;;;;;;;
mer_creature_desc;Mutation desc;;;;;;;;;;;;;
metal_body;Mutation name;;;;;;;;;;;;;
metal_body_desc;Mutation desc;;;;;;;;;;;;;
metallic_skin;Mutation name;;;;;;;;;;;;;
metallic_skin_desc;Mutation desc;;;;;;;;;;;;;
midnight_skin;Mutation name;;;;;;;;;;;;;
midnight_skin_desc;Mutation desc;;;;;;;;;;;;;
mindless;Mutation name;;;;;;;;;;;;;
mindless_desc;Mutation desc;;;;;;;;;;;;;
moronic;Mutation name;;;;;;;;;;;;;
moronic_desc;Mutation desc;;;;;;;;;;;;;
multiple_arms;Mutation name;;;;;;;;;;;;;
multiple_arms_desc;Mutation desc;;;;;;;;;;;;;
multiple_heads;Mutation name;;;;;;;;;;;;;
multiple_heads_desc;Mutation desc;;;;;;;;;;;;;
multiplication;Mutation name;;;;;;;;;;;;;
multiplication_desc;Mutation desc;;;;;;;;;;;;;
overgrown_body_part;Mutation name;;;;;;;;;;;;;
overgrown_body_part_desc;Mutation desc;;;;;;;;;;;;;
piercing_tongue;Mutation name;;;;;;;;;;;;;
piercing_tongue_desc;Mutation desc;;;;;;;;;;;;;
pin_head;Mutation name;;;;;;;;;;;;;
pin_head_desc;Mutation desc;;;;;;;;;;;;;
pincer_hand_1;Mutation name;;;;;;;;;;;;;
pincer_hand_1_desc;Mutation desc;;;;;;;;;;;;;
pincer_hand_2;Mutation name;;;;;;;;;;;;;
pincer_hand_2_desc;Mutation desc;;;;;;;;;;;;;
pointed_head;Mutation name;;;;;;;;;;;;;
pointed_head_desc;Mutation desc;;;;;;;;;;;;;
poisonous_bite;Mutation name;;;;;;;;;;;;;
poisonous_bite_desc;Mutation desc;;;;;;;;;;;;;
polyps;Mutation name;;;;;;;;;;;;;
polyps_desc;Mutation desc;;;;;;;;;;;;;
powerful_legs;Mutation name;;;;;;;;;;;;;
powerful_legs_desc;Mutation desc;;;;;;;;;;;;;
prehensile_tail_1;Mutation name;;;;;;;;;;;;;
prehensile_tail_1_desc;Mutation desc;;;;;;;;;;;;;
prehensile_tail_2;Mutation name;;;;;;;;;;;;;
prehensile_tail_2_desc;Mutation desc;;;;;;;;;;;;;
prehensile_tail_3;Mutation name;;;;;;;;;;;;;
prehensile_tail_3_desc;Mutation desc;;;;;;;;;;;;;
prehensile_tail_4;Mutation name;;;;;;;;;;;;;
prehensile_tail_4_desc;Mutation desc;;;;;;;;;;;;;
prehensile_tail_5;Mutation name;;;;;;;;;;;;;
prehensile_tail_5_desc;Mutation desc;;;;;;;;;;;;;
prehensile_tail_6;Mutation name;;;;;;;;;;;;;
prehensile_tail_6_desc;Mutation desc;;;;;;;;;;;;;
prehensile_tail_7;Mutation name;;;;;;;;;;;;;
prehensile_tail_7_desc;Mutation desc;;;;;;;;;;;;;
prehensile_tail_8;Mutation name;;;;;;;;;;;;;
prehensile_tail_8_desc;Mutation desc;;;;;;;;;;;;;
prehensile_tail_9;Mutation name;;;;;;;;;;;;;
prehensile_tail_9_desc;Mutation desc;;;;;;;;;;;;;
prehensile_tail_10;Mutation name;;;;;;;;;;;;;
prehensile_tail_10_desc;Mutation desc;;;;;;;;;;;;;
puny;Mutation name;;;;;;;;;;;;;
puny_desc;Mutation desc;;;;;;;;;;;;;
quadruped;Mutation name;;;;;;;;;;;;;
quadruped_desc;Mutation desc;;;;;;;;;;;;;
radiant_skin_1;Mutation name;;;;;;;;;;;;;
radiant_skin_1_desc;Mutation desc;;;;;;;;;;;;;
radiant_skin_2;Mutation name;;;;;;;;;;;;;
radiant_skin_2_desc;Mutation desc;;;;;;;;;;;;;
radiant_skin_3;Mutation name;;;;;;;;;;;;;
radiant_skin_3_desc;Mutation desc;;;;;;;;;;;;;
radiant_skin_4;Mutation name;;;;;;;;;;;;;
radiant_skin_4_desc;Mutation desc;;;;;;;;;;;;;
radiant_skin_5;Mutation name;;;;;;;;;;;;;
radiant_skin_5_desc;Mutation desc;;;;;;;;;;;;;
regeneration;Mutation name;;;;;;;;;;;;;
regeneration_desc;Mutation desc;;;;;;;;;;;;;
resilient_1;Mutation name;;;;;;;;;;;;;
resilient_1_desc;Mutation desc;;;;;;;;;;;;;
resilient_2;Mutation name;;;;;;;;;;;;;
resilient_2_desc;Mutation desc;;;;;;;;;;;;;
resilient_3;Mutation name;;;;;;;;;;;;;
resilient_3_desc;Mutation desc;;;;;;;;;;;;;
resilient_4;Mutation name;;;;;;;;;;;;;
resilient_4_desc;Mutation desc;;;;;;;;;;;;;
resilient_5;Mutation name;;;;;;;;;;;;;
resilient_5_desc;Mutation desc;;;;;;;;;;;;;
resilient_6;Mutation name;;;;;;;;;;;;;
resilient_6_desc;Mutation desc;;;;;;;;;;;;;
resilient_7;Mutation name;;;;;;;;;;;;;
resilient_7_desc;Mutation desc;;;;;;;;;;;;;
resilient_8;Mutation name;;;;;;;;;;;;;
resilient_8_desc;Mutation desc;;;;;;;;;;;;;
resilient_9;Mutation name;;;;;;;;;;;;;
resilient_9_desc;Mutation desc;;;;;;;;;;;;;
resilient_10;Mutation name;;;;;;;;;;;;;
resilient_10_desc;Mutation desc;;;;;;;;;;;;;
rotting_flesh_1;Mutation name;;;;;;;;;;;;;
rotting_flesh_1_desc;Mutation desc;;;;;;;;;;;;;
rotting_flesh_2;Mutation name;;;;;;;;;;;;;
rotting_flesh_2_desc;Mutation desc;;;;;;;;;;;;;
rotting_flesh_3;Mutation name;;;;;;;;;;;;;
rotting_flesh_3_desc;Mutation desc;;;;;;;;;;;;;
rotting_flesh_4;Mutation name;;;;;;;;;;;;;
rotting_flesh_4_desc;Mutation desc;;;;;;;;;;;;;
rotting_flesh_5;Mutation name;;;;;;;;;;;;;
rotting_flesh_5_desc;Mutation desc;;;;;;;;;;;;;
rotting_flesh_6;Mutation name;;;;;;;;;;;;;
rotting_flesh_6_desc;Mutation desc;;;;;;;;;;;;;
rotting_flesh_7;Mutation name;;;;;;;;;;;;;
rotting_flesh_7_desc;Mutation desc;;;;;;;;;;;;;
rotting_flesh_8;Mutation name;;;;;;;;;;;;;
rotting_flesh_8_desc;Mutation desc;;;;;;;;;;;;;
rotting_flesh_9;Mutation name;;;;;;;;;;;;;
rotting_flesh_9_desc;Mutation desc;;;;;;;;;;;;;
rotting_flesh_10;Mutation name;;;;;;;;;;;;;
rotting_flesh_10_desc;Mutation desc;;;;;;;;;;;;;
running_sores_1;Mutation name;;;;;;;;;;;;;
running_sores_1_desc;Mutation desc;;;;;;;;;;;;;
running_sores_2;Mutation name;;;;;;;;;;;;;
running_sores_2_desc;Mutation desc;;;;;;;;;;;;;
running_sores_3;Mutation name;;;;;;;;;;;;;
running_sores_3_desc;Mutation desc;;;;;;;;;;;;;
running_sores_4;Mutation name;;;;;;;;;;;;;
running_sores_4_desc;Mutation desc;;;;;;;;;;;;;
running_sores_5;Mutation name;;;;;;;;;;;;;
running_sores_5_desc;Mutation desc;;;;;;;;;;;;;
running_sores_6;Mutation name;;;;;;;;;;;;;
running_sores_6_desc;Mutation desc;;;;;;;;;;;;;
running_sores_7;Mutation name;;;;;;;;;;;;;
running_sores_7_desc;Mutation desc;;;;;;;;;;;;;
running_sores_8;Mutation name;;;;;;;;;;;;;
running_sores_8_desc;Mutation desc;;;;;;;;;;;;;
running_sores_9;Mutation name;;;;;;;;;;;;;
running_sores_9_desc;Mutation desc;;;;;;;;;;;;;
running_sores_10;Mutation name;;;;;;;;;;;;;
running_sores_10_desc;Mutation desc;;;;;;;;;;;;;
scales;Mutation name;;;;;;;;;;;;;
scales_desc;Mutation desc;;;;;;;;;;;;;
scorpion_tail;Mutation name;;;;;;;;;;;;;
scorpion_tail_desc;Mutation desc;;;;;;;;;;;;;
sensory_loss_hear;Mutation name;;;;;;;;;;;;;
sensory_loss_hear_desc;Mutation desc;;;;;;;;;;;;;
sensory_loss_smell;Mutation name;;;;;;;;;;;;;
sensory_loss_smell_desc;Mutation desc;;;;;;;;;;;;;
sensory_loss_taste;Mutation name;;;;;;;;;;;;;
sensory_loss_taste_desc;Mutation desc;;;;;;;;;;;;;
sensory_loss_touch;Mutation name;;;;;;;;;;;;;
sensory_loss_touch_desc;Mutation desc;;;;;;;;;;;;;
short_legs_1;Mutation name;;;;;;;;;;;;;
short_legs_1_desc;Mutation desc;;;;;;;;;;;;;
short_legs_2;Mutation name;;;;;;;;;;;;;
short_legs_2_desc;Mutation desc;;;;;;;;;;;;;
short_legs_3;Mutation name;;;;;;;;;;;;;
short_legs_3_desc;Mutation desc;;;;;;;;;;;;;
short_legs_4;Mutation name;;;;;;;;;;;;;
short_legs_4_desc;Mutation desc;;;;;;;;;;;;;
shrink_1;Mutation name;;;;;;;;;;;;;
shrink_1_desc;Mutation desc;;;;;;;;;;;;;
shrink_2;Mutation name;;;;;;;;;;;;;
shrink_2_desc;Mutation desc;;;;;;;;;;;;;
shrink_3;Mutation name;;;;;;;;;;;;;
shrink_3_desc;Mutation desc;;;;;;;;;;;;;
skeleton;Mutation name;;;;;;;;;;;;;
skeleton_desc;Mutation desc;;;;;;;;;;;;;
skull_face;Mutation name;;;;;;;;;;;;;
skull_face_desc;Mutation desc;;;;;;;;;;;;;
snout;Mutation name;;;;;;;;;;;;;
snout_desc;Mutation desc;;;;;;;;;;;;;
spiked_tail;Mutation name;;;;;;;;;;;;;
spiked_tail_desc;Mutation desc;;;;;;;;;;;;;
spit_acid;Mutation name;;;;;;;;;;;;;
spit_acid_desc;Mutation desc;;;;;;;;;;;;;
spores;Mutation name;;;;;;;;;;;;;
spores_desc;Mutation desc;;;;;;;;;;;;;
strange_voice;Mutation name;;;;;;;;;;;;;
strange_voice_desc;Mutation desc;;;;;;;;;;;;;
strange_walk;Mutation name;;;;;;;;;;;;;
strange_walk_desc;Mutation desc;;;;;;;;;;;;;
suckers;Mutation name;;;;;;;;;;;;;
suckers_desc;Mutation desc;;;;;;;;;;;;;
telekinesis;Mutation name;;;;;;;;;;;;;
telekinesis_desc;Mutation desc;;;;;;;;;;;;;
telepathy;Mutation name;;;;;;;;;;;;;
telepathy_desc;Mutation desc;;;;;;;;;;;;;
teleport;Mutation name;;;;;;;;;;;;;
teleport_desc;Mutation desc;;;;;;;;;;;;;
temporal_instability ;Mutation name;;;;;;;;;;;;;
temporal_instability_desc;Mutation desc;;;;;;;;;;;;;
tentacle_like_arm;Mutation name;;;;;;;;;;;;;
tentacle_like_arm_desc;Mutation desc;;;;;;;;;;;;;
tentacle_fingers;Mutation name;;;;;;;;;;;;;
tentacle_fingers_desc;Mutation desc;;;;;;;;;;;;;
thick_fur;Mutation name;;;;;;;;;;;;;
thick_fur_desc;Mutation desc;;;;;;;;;;;;;
thorns;Mutation name;;;;;;;;;;;;;
thorns_desc;Mutation desc;;;;;;;;;;;;;
trails_of_slime;Mutation name;;;;;;;;;;;;;
trails_of_slime_desc;Mutation desc;;;;;;;;;;;;;
trance;Mutation name;;;;;;;;;;;;;
trance_desc;Mutation desc;;;;;;;;;;;;;
transparent_skin;Mutation name;;;;;;;;;;;;;
transparent_skin_desc;Mutation desc;;;;;;;;;;;;;
trunk_1;Mutation name;;;;;;;;;;;;;
trunk_1_desc;Mutation desc;;;;;;;;;;;;;
trunk_2;Mutation name;;;;;;;;;;;;;
trunk_2_desc;Mutation desc;;;;;;;;;;;;;
trunk_3;Mutation name;;;;;;;;;;;;;
trunk_3_desc;Mutation desc;;;;;;;;;;;;;
trunk_4;Mutation name;;;;;;;;;;;;;
trunk_4_desc;Mutation desc;;;;;;;;;;;;;
trunk_5;Mutation name;;;;;;;;;;;;;
trunk_5_desc;Mutation desc;;;;;;;;;;;;;
trunk_6;Mutation name;;;;;;;;;;;;;
trunk_6_desc;Mutation desc;;;;;;;;;;;;;
trunk_7;Mutation name;;;;;;;;;;;;;
trunk_7_desc;Mutation desc;;;;;;;;;;;;;
trunk_8;Mutation name;;;;;;;;;;;;;
trunk_8_desc;Mutation desc;;;;;;;;;;;;;
trunk_9;Mutation name;;;;;;;;;;;;;
trunk_9_desc;Mutation desc;;;;;;;;;;;;;
trunk_10;Mutation name;;;;;;;;;;;;;
trunk_10_desc;Mutation desc;;;;;;;;;;;;;
unbelievable_tumour;Mutation name;;;;;;;;;;;;;
unbelievable_tumour_desc;Mutation desc;;;;;;;;;;;;;
uncontrollable_flatulence;Mutation name;;;;;;;;;;;;;
uncontrollable_flatulence_desc;Mutation desc;;;;;;;;;;;;;
unnatural_appetite;Mutation name;;;;;;;;;;;;;
unnatural_appetite_desc;Mutation desc;;;;;;;;;;;;;
upside_down;Mutation name;;;;;;;;;;;;;
upside_down_desc;Mutation desc;;;;;;;;;;;;;
parasitic_twin;Mutation name;;;;;;;;;;;;;
parasitic_twin_desc;Mutation desc;;;;;;;;;;;;;
vile;Mutation name;;;;;;;;;;;;;
vile_desc;Mutation desc;;;;;;;;;;;;;
warp_frenzy;Mutation name;;;;;;;;;;;;;
warp_frenzy_desc;Mutation desc;;;;;;;;;;;;;
warped_mind;Mutation name;;;;;;;;;;;;;
warped_mind_desc;Mutation desc;;;;;;;;;;;;;
warty_skin;Mutation name;;;;;;;;;;;;;
warty_skin_desc;Mutation desc;;;;;;;;;;;;;
weapon_master;Mutation name;;;;;;;;;;;;;
weapon_master_desc;Mutation desc;;;;;;;;;;;;;
wings;Mutation name;;;;;;;;;;;;;
wings_desc;Mutation desc;;;;;;;;;;;;;
forsaken;Mutation name;;;;;;;;;;;;;
forsaken_desc;Mutation desc;;;;;;;;;;;;;
;;;;;;;;;;;;;;
;;;;;;;;;;;;;;
################################;;;;;;;;;;;;;;
#;;;;;;;;;;;;;;
# MUTATION OPINION MODIFIERS;;;;;;;;;;;;;;
#;;;;;;;;;;;;;;
opinion_mutant;Mutant;;;;;;;;;;;;;
#;;;;;;;;;;;;;;
# MUTATION EVENTS;;;;;;;;;;;;;;
#;;;;;;;;;;;;;;
EVTDESC_MUTATION_2;By the Gods! You wake up with a terrible itch somewhere on your body, and when you turn to scratch, it feels like you poked yourself in the eye. You've grown a third eye!!!;;;;;;;;;;;;;x
EVTDESC_MUTATION_2A;Noooo!;;;;;;;;;;;;;x
EVTDESC_MUTATION_2B;*gasp* I'll... pluck it... out!;;;;;;;;;;;;;x
EVTDESC_MUTATION_2BB;I'll cleanse myself, no matter what!;;;;;;;;;;;;;
EVTDESC_MUTATION_2AB;I see...;;;;;;;;;;;;;
EVTDESC_MUTATION_3;Over the last couple of days, a part of your body has been growing strange hair... it has gotten worse, and you now have a small patch of fur somewhere on your body!;;;;;;;;;;;;;x
EVTDESC_MUTATION_3A;Noooo!;;;;;;;;;;;;;x
EVTDESC_MUTATION_4;Your fellows have been telling you lately to take a bath in no uncertain terms, but no matter how much you scrub, the smell just won't go away. A foul mutation is causing you to reek!;;;;;;;;;;;;;x
EVTDESC_MUTATION_4A;Noooo!;;;;;;;;;;;;;x
EVTDESC_MUTATION_5;Lately your hand has been slowly transforming, and one day, you wake to discover a huge claw where once your hand was! Curses, this is going to be hard to hide...;;;;;;;;;;;;;x
EVTDESC_MUTATION_5A;Noooo!;;;;;;;;;;;;;x
EVTDESC_MUTATION_5B;Oh Gods, I'll need to get the meat cleaver...;;;;;;;;;;;;;x
EVTDESC_MUTATION_6;It's subtle at first, but you can't deny it any longer - your appearance is slightly turning into that of an animal, whether a cat, dog, cow, or deer... it's not a full transformation, but it's impossible to cover up any longer!;;;;;;;;;;;;;x
EVTDESC_MUTATION_6A;I'll need to go into hiding!;;;;;;;;;;;;;x
EVTDESC_MUTATION_7;Some part of your body is undergoing serious changes - whether it's your feet turning into hoofs or a shell growing on your back, this is becoming impossible to hide!;;;;;;;;;;;;;x
EVTDESC_MUTATION_7A;I'll need to go into hiding!;;;;;;;;;;;;;x
EVTDESC_MUTATION_8;Your body is mutating faster and faster, and you are turning into some kind of beast! Your mind is starting to crack under the pressure...;;;;;;;;;;;;;x
EVTDESC_MUTATION_8A;I'll need to go into hiding!;;;;;;;;;;;;;x
EVTDESC_MUTATION_8B;The Gods favour me!;;;;;;;;;;;;;
EVTDESC_MUTATION_9;You have been struck by a terrible mutation - your body is literally falling apart and rotting, but it is no normal disease! It won't take long until you are a lump of twisted flesh!;;;;;;;;;;;;;x
EVTDESC_MUTATION_9A;I'll need to go into hiding!;;;;;;;;;;;;;x
EVTDESC_MUTATION_9B;The Gods favour me!;;;;;;;;;;;;;
EVTDESC_MUTATION_10;By all the gods... you wake up one morning to hear someone screaming next to you, and turn to find that you have grown a second head which looks at you in horror and screams into your face with foetid breath.;;;;;;;;;;;;;x
EVTDESC_MUTATION_10A;*Turn to the head and scream back* AAHHHHH!!!;;;;;;;;;;;;;x
EVTDESC_MUTATION_11;After all the mutations, you barely look like your former self. Your body is strangely misshapen and normal people will hate and fear you whenever they find you.;;;;;;;;;;;;;x
EVTDESC_MUTATION_12;Your mortal body could no longer endure the effects of mutations - you've become a Chaos Spawn - mindless creature in service of the Ruinous Powers.;;;;;;;;;;;;;x
mutation13;Mutations are a sign of Chaos, and signs of Chaos must be rooted out with fire and sword! You should probably check this court for signs of mutants while you're here...;;;;;;;;;;;;;x
mutation14;Curses! The Witch Hunter at your court has spied on you, and discovered your mutation! This is surely the end, for you...;;;;;;;;;;;;;x
mutation14a;I will appeal to my liege!;;;;;;;;;;;;;x
mutation15;My liege! I must confess... it is true I have been horribly mutated by Chaos, but I do not serve the Ruinous Powers, I swear it! I am an innocent victim - please do not trust the Witch Hunter's accusations!;;;;;;;;;;;;;x
mutation15a;Unclean abomination, death by fire for you!;;;;;;;;;;;;;x
mutation15b;Very well, I shall show mercy. But see a surgeon at once!;;;;;;;;;;;;;x
mutation15c;I will not slay you, but nor will I let you roam free...;;;;;;;;;;;;;x
mutation16;You come out of hiding, but your mutations are so advanced that the first courtier who sees you screams and flees in horror shouting for the guards. Soon you are surrounded, but despite your pleas for mercy, one of them stabs you, and the others quickly follow through!;;;;;;;;;;;;;x
mutation16a;Goodbye, cruel world...;;;;;;;;;;;;;x
mutation17;A fellow realm ruler has been killed by his own guards, after he came out of his quarters horribly mutated. It is the topic of gossip all over the realm these days. These are truly terrible times...;;;;;;;;;;;;;x
EVTDESC_MUTATION_1002;The Chaos Gods have twisted and stretched your body to its limit, to the point you can barely recognize yourself any more. The many mutations have turned you into a horrific display of horns, scales and unnatural appendages.;;;;;;;;;;;;;
EVTDESC_MUTATION_1002A;Grlblgh...;;;;;;;;;;;;;
EVTDESC_MUTATION_1003;More and more mutations have reshaped your body, turning you into a monstrous being.;;;;;;;;;;;;;
EVTDESC_MUTATION_1003A;Not entirely.;;;;;;;;;;;;;
EVTDESC_MUTATION_1004;The Chaos Gods have undoubtedly touched you.;;;;;;;;;;;;;
EVTDESC_MUTATION_1004A;It's true...;;;;;;;;;;;;;
EVTDESC_MUTATION_1006;The voices never shut up, sometimes reality changes before you in a blink of an eye: friend turns to foe, night to day. Is there anything at all real?;;;;;;;;;;;;;
EVTDESC_MUTATION_1006A;Blreagh!;;;;;;;;;;;;;
EVTDESC_MUTATION_1007;Sometimes you just think all reality is part of a dream. And you are the dreamer. Those poor fools, not understanding they're just figments of your imagination...;;;;;;;;;;;;;
EVTDESC_MUTATION_1007A;Ah, idiots!;;;;;;;;;;;;;
EVTDESC_MUTATION_1008;People sometimes look at you strangely, as if they were hiding something, but they never give you a straight answer if you inquire about them.;;;;;;;;;;;;;
EVTDESC_MUTATION_1008A;People are strange.;;;;;;;;;;;;;
EVTDESC_MUTATION_1009;You've long followed the gods, trusted in their blessing and kept on honouring them in your every action, yet their gaze has not touched you, you've not received their gifts and have been left, with the voices in your head tormenting and berating you. The gods cursed and left you.;;;;;;;;;;;;;
EVTDESC_MUTATION_1009A;Nooorrrgh!!!;;;;;;;;;;;;;
EVTDESC_MUTATION_1010;You cannot stand it any more: the powers of Chaos running through your body can no longer be contained by your will. With a shrieking sound your flesh twists and rips open as you turn into a mindless abomination.;;;;;;;;;;;;;
EVTDESC_MUTATION_1010A;AAArglrluablhjggghhh!!;;;;;;;;;;;;;
EVTDESC_MUTATION_1011;Your existence of continued torment and hate as finally come to an end: whatever is left of your body collapses, completely ripped into shreds by the stuff of Chaos.;;;;;;;;;;;;;
EVTDESC_MUTATION_1011A;Gblurrggrhasghhh...;;;;;;;;;;;;;
EVTDESC_MUTATION_20005;You feel a itch on your nose, but when you raise your hand to scratch it, you find yourself grasping at a growing hard beak, quickly taking it's place over your whole face.;;;;;;;;;;;;;
EVTDESC_MUTATION_20006;You awoke with a sense of choking. You gasped, searching for air, but something large and wet is blocking your mouth. It takes some time to realize it is your very tongue, overgrown and extended to unnatural proportions.;;;;;;;;;;;;;
EVTDESC_MUTATION_20007;Your teeth fall one after another. In their place long and rotten fangs sprout, until you can barely speak coherently.;;;;;;;;;;;;;
EVTDESC_MUTATION_20008;More and more eyes open on your face, then your neck and, after that, your whole body is covered by blinking appendages.;;;;;;;;;;;;;
EVTDESC_MUTATION_20009;Something it's irritating your eyes, but the more you scratch them, the more they burn. When you finally find peace, you realize your eyes have turned into bulging reptile-like things.;;;;;;;;;;;;;
