become_chaos_knight;Become a Chaos Knight;;;;;;;;;;;;x
become_chaos_knight_desc;Enables §Gright-clicking§! on your own character portrait, in order to become a Chaos Knight.;;;;;;;;;;;;x
e_realm_of_the_lady;Realm of the Lady;;;;;;;;;;;;x
e_realm_of_undivided;Realm of Undivided;;;;;;;;;;;;x
e_realm_of_magic;Realm of Magic;;;;;;;;;;;;x
the_sisterhood;The Sisterhood;;;;;;;;;;;;x
the_sisterhood_desc;The Sisterhood.;;;;;;;;;;;;x
nagash_vault;Vault of Nagash;;;;;;;;;;;;x
nagash_vault_desc;Deep inside the Pyramid of Nagash is said to be a vault, cursed with Undead magic by the fabled Necromancer himself. Only very few know what secrets it truly holds.;;;;;;;;;;;;x
great_necropolis;Great Necropolis;;;;;;;;;;;;x
great_necropolis_desc;Great Necropolis.;;;;;;;;;;;;x
coven_court;Coven Court;;;;;;;;;;;;x
coven_court_desc;Coven Court.;;;;;;;;;;;;x
mortal_court;Mortal Court;;;;;;;;;;;;x
mortal_court_desc;Mortal Court.;;;;;;;;;;;;x
bloodline_effect_great_heroes_appear;Periodically attracts the servitude of §GGreat Warriors§! (if §Y[From.Founder.Religion.GetName]§!);Attire périodiquement les services de §Ggrands guerriers§! (si §Y[From.Founder.Religion.GetName]§!);Zieht regelmäßig §GGroße Krieger§! an (bei gleicher §YReligion§! wie der §YGründer§!);;Atrae periódicamente el servicio de §Ggrandes guerreros§! (si tienen la misma §Yreligión§! que §YFounder§!);;;;;;;;;x
drachenfels;Drachenfels;;;;;;;;;;;;x
drachenfels_desc;Constant Drachenfels, the Great Enchanter is an infamous daemonologist and necromancer.;;;;;;;;;;;;x
drachen;Drachen;;;;;;;;;;;;x
drachen_DESC;Drachenfels. The Great Enchanter. A devil in human form, who cheated Death for centuries unknown, a man with appetites so base they lay beyond satiation, a necromancer, torturer of the dead, dismemberer of spirits, a vileness made flesh, a wizard, a scholar, a monster. Untold are the reaches of his barbarities, uncounted the number of his treacheries, beyond belief the depravities of his practices. Was ever such a vileness born of mortal flesh?;;;;;;;;;;;;x
GOD_DRACHENFELS;Drachenfels;;;;;;;;;;;;x
GOD_THE_GREAT_ENCHANTER;The Great Enchanter;;;;;;;;;;;;x
GOD_CONSTANT;Constant;;;;;;;;;;;;x
ENCHANTER;Enchanter;;;;;;;;;;;;x
GRIMOIRE;Grimoire;;;;;;;;;;;;x
GREAT_ENCHANTER;Great Enchanter;;;;;;;;;;;;x
k_drachenfels;Drachenfels;;;;;;;;;;;;x