#CODE;ENGLISH;FRENCH;GERMAN;;SPANISH;;;;;;;;;x #Deadly #search  #Orkify
##########################
### Written by Deadly ####
##########################
waaagh_warlord_bloodline;Infamous Ancestry of [This.GetTitledFirstName];;;;;;;;;x
waaagh_warlord_bloodline_desc;Might of [This.GetTitledFirstName]'s name has all of the old world in fear.;;;;;;;;;;;;;x
waaagh_warlord_lesser_bloodline;Tyrannical Ancestry of [This.GetTitledFirstName];;;;;;;;;;;;;x
waaagh_warlord_lesser_bloodline_desc;In his day, [This.GetTitledFirstName] led a Glorius Waaagh against unsuspecting enemy, alas was soundly defeated.;;;;;;;;;;;;;x
squatter_king;Despised Ancestry of [This.GetTitledFirstName];;;;;;;;;x
squatter_king_desc;.;;;;;;;;;;;;;x
title_councilmember_everqueen;Everqueen;;;;;;;;;;;;;x
title_councilmember_everqueen_desc;The Everqueen is a respected member of the Ulthuan's council and is responsible for giving sound advice on any matters that the ruler has to deal with.;;;;;;;;;;;;;x
#Bookmark
BM_FORCES_OF_CHAOS;Forces of Chaos;;;;;;;;;;;;;x
BM_FORCES_OF_CHAOS_DESC;From the Northern Waste, armies of the Dark Gods would attack the southern lands time and again, slaughtering without reason, pillaging that which is not nailed down, and just simply wreaking wanton destruction to the nations of the Old World. No matter how many of these marauders are killed, no matter how many invasions are pushed back and enemy armies annihilated, the Hordes of Chaos can never truly be defeated, and after a few years of relative peace, they shall once more come down south and begin the vicious cycle once again. So long as there is still Chaos within this world, there will also be those evil and greedy men that are wholly willing to serve them.;;;;;;;;;;;;;x
BM_BLOOD_BORDERLANDS;Blood in the Borderlands;;;;;;;;;;;;;x
BM_BLOOD_BORDERLANDS_DESC;The Border Prince Confederacy, known also as the Borderlands, or simply as the Border Princes, is a vast region within the Old World located between the Black Mountains and Black Fire Pass to the north and the shores of the Black Gulf to the south. This region of vast wilderness is home to a multitude of petty Human kingdoms that were established by highly ambitious adventurers who sought to create a realm of their own. Many times, however, these adventurers usually consist of political or religious refugees from lands such as the Empire, Bretonnia and Kislev. As such, these lands are infamous as the homes of a wide variety of bandits, mercenaries, cut-throats, pirates and other lawless fugitives.;;;;;;;;;;;;;x
BM_FORESTS_OF_OLD_WORLD;Old World Forests;;;;;;;;;;;;;x
BM_FORESTS_OF_OLD_WORLD_DESC;The Ancient Forests of the Old World are home to many evil creatures and monsters among them Goblins, Beastmen, Daemons balanced by with benelovent beings making the forest their home aswell such as the Asrai and the spirits and treefolk;;;;;;;;;;;;x
BM_GREENSKIN_MENACE1;Black Crag Ascendancy;;;;;;;;;;;;;x
BM_GREENSKIN_MENACE1_DESC;The Mighty fortress of Black Crag has seen many Chieftains and warlords lord over it for centuries, with many a warlord facing an untimely end only for it to change hands once again, the Trivial promince of Black Crag has yet again attracted Ire of Many nearby Warlords for their own dominance.;;;;;;;;;;;;;x
BM_GREENSKIN_MENACE2;Greenskin Menace;;;;;;;;;;;;;x
BM_GREENSKIN_MENACE2_DESC;"From the deepest, darkest tunnels they came, burrowing and banging, shouting and smashing. We soon learnt not to try to negotiate, save with axes and cannon. For thousands upon thousands of years have we fought them, and many think we will soon be defeated. Yet we have our plans, and some day we will take back our ancestral holds—or else destroy both those homes and the foul Orcs who now pollute them."\n—Gialar Kunst, Dwarf Loremaster. ;;;;;;;;;;;;;x
BM_GREENSKIN_MENACE3;Scramble for Darklands;;;;;;;;;;;;;x
BM_GREENSKIN_MENACE3_DESC;The Dark Lands is a stark and cheerless place where nature has rent the ground and burst the mountains apart. The volatile land begets Volatile characters, all drawn to challenge the others for one sole reason, Power.;;;;;;;;;;;;;x
BM_LONE_SENTINEL;The Lone Sentinel;;;;;;;;;;;;;x
BM_LONE_SENTINEL_DESC;Hexoatl, the City of the Sun located on the Isthmus of Pahuax, guards the lustria from the inevitable chaos. Several adventurers have come to find this area their staging ground forcing Lord Mazdamundi to wake from his long slumber.;;;;;;;;;;;;;x
#Cultures
goblin_hill;Hill Goblin;;;;;;;;;;;;;x
eonir;Eonir;;;;;;;;;;;;;x
#Honorary
WARLORD;Warlord;;;;;;;;;;;;;x
THE_END;End of the Line;;;;;;;;;;;;;x
EVTDESCHOBBITMURDER;In one of your more relaxed days in the warcamp, taking a wrong turn showed a shocking reveal, an Menacing halfling is holding battle stance.\n Laughing it off such predicament initially thinking that no mere halfling could possibly kill you, you are forced to react when he lunges at your chest with his daggers... ;;;;;;;;;;;;;x
EVTOPTHOBBITMURDER;Is this the End?...;;;;;;;;;;;;;x
opposite_faction_plot;Cross-Faction Plotting;;;;;;;;;;;;;x
opposite_faction_plot_desc;Plotting outside your religion group or your culture group affect negatively on your plotting power (For Skaven Affects within culture group);;;;;;;;;;;;;x
string_plot_kill_character_desc;§Y[From.GetTitledFirstName]§! has decided it is time for §Y[This.GetTitledFirstName]§! to depart this world. §Y[From.GetTitledFirstName]§! and [From.GetPossPronoun] backers will look for opportunities to kill §Y[This.GetTitledFirstName]§! - the higher the Plot Power, the more likely they are to find openings.;[From.Get_Le_TitledFirstNameJ] a décidé qu'il était grand temps pour [This.Get_le_TitledFirstNameJ] de quitter ce monde. [From.Get_Le_TitledFirstNameJ] et ses partisans vont attendre l'opportunité de tuer [This.Get_le_TitledFirstNameJ] : plus la puissance du complot est élevée, plus ils ont de chance de réussir.;§Y[From.GetTitledFirstName]§! hat entschieden, dass es für §Y[This.GetTitledFirstName]§! an der Zeit ist, diese Welt zu verlassen. Die Unterstützer von §Y[From.GetTitledFirstName]§! werden nach Möglichkeiten Ausschau halten, um §Y[This.GetTitledFirstName]§! zu beseitigen. Je höher die Verschwörungsmacht wird, desto leichter werden sie Wege dafür finden.;;§Y[From.GetTitledFirstName]§! ha decidido que es hora de que §Y[This.GetTitledFirstName]§! abandone este mundo. §Y[From.GetTitledFirstName]§! y sus partidarios buscarán oportunidades para matar a §Y[This.GetTitledFirstName]§!. Cuanto mayor sea la potencia del complot, más probable será encontrar un resquicio.;;;;;;;;;x
plot_kill_character_desc;[GetOrkyfyingPlotKill];;;;;;;;;;;;;x
string_ork_plot_kill_character_desc;§Y[From.GetTitledFirstName]§! has been finkin' it is time to sticka §Y[This.GetTitledFirstName]§! in da belly. §Y[From.GetTitledFirstName]§! and [From.GetPossPronoun] fella gits will look for Deir oppoturnity to bash §Y[This.GetTitledFirstName]§!'s head in - da higher da Plot Power, da more likely dey are to find openin's.;;;;;;;;;;;;;x
#Dynamic
POPE_OPINION;[RelHead.GetDelayedLiegeOpinion];;;;;;;;;;;;;x
#The Nicknames
nick_the_intolerant;the Intolerant;;;;;;;;;;;;;x
nick_crimson_king;the Crimson King;;;;;;;;;;;;;x
#Artifacts
liche_staff;Liche Staff;;;;;;;;;;;;;x
liche_staff_desc;This ancient copper staff is inscribed with the names of all the gods and goddesses of Nehekhara and it grants Khatep mastery of their magical power.;;;;;;;;;;;;;x
golden_ankhra;Golden Ankhra;;;;;;;;;;;;;x
golden_ankhra_desc;Shaped in the Nebekharan symbol of eternity, the Ankhra surrounds the wearer with protective energies.;;;;;;;;;;;;;x
blade_ahken;Blade of Ahken;;;;;;;;;;;;;x
blade_ahken_desc;This highly ornamented curved blade once belonged to King Ahken of Numas, and its edge shimmers with blue energy that can shatter armor.;;;;;;;;;;;;;x
armour_eternity;armor of Eternity;;;;;;;;;;;;;x
armour_eternity_desc;Forged from the bronze of Mahrak and, cooled in the blood of the giant Lybrasian scorpion and gilded with red and gold from Lahmia, the ancient breastplate known as the armor of Eternity can turn aside even the strongest blow.;;;;;;;;;;;;;x
flail_skulls;Flail of Skulls;;;;;;;;;;;;;x
flail_skulls_desc;The Flail of Skulls is made from the gilded skulls of conquered enemies, most often kings. Enemies struck by the skulls are lacerated and savaged by their sharpened teeth and bleed profusely from their wounds.;;;;;;;;;;;;;x
crook_flail_radiance;Crook and Flail of Radiance;;;;;;;;;;;;;x
crook_flail_radiance_desc;These gleaming, golden weapons represent the high status of the bearer, and all in his presence are humbled by the aura of majesty these weapons convey. Only the most powerful and influential leaders, from the Tomb Kings and the Tomb Princes, can bear these sacred symbols of rulership.;;;;;;;;;;;;;x
armour_ages;armor of the Ages;;;;;;;;;;;;;x
armour_ages_desc;This armor imbues its wearer with ability to continue fighting even when horrendously injured.;;;;;;;;;;;;;x
dawi_hammer_fate;Hammer of the Fate;;;;;;;;;;;;;x
dawi_hammer_fate_desc;Hammer of the Firebeard clan destined to decide the fate of the clan.;;;;;;;;;;;;;x
dawi_axe_rune_masters;Axe of Runemasters;;;;;;;;;;;;;x
dawi_axe_rune_masters_desc;Ancient enchanted Dwarfen axe, known as the Axe of Runemasters. Gotrek gained this weapon during his first expedition to Karag Dum, finding it in a cave near the edge of the Chaos Wastes, near a dwarf corpse, later revealed to be the son of King Thangrim Firebeard, Morekai.;;;;;;;;;;;;;x
fiery_thing_rori;Fiery Thing of Rori;;;;;;;;;;;;;x
fiery_thing_rori_desc;The origins of this rune-encrusted item have long been lost, as was the artefact itself until it was recovered by Runesmith Rori Silverbeater from the ruins of Karak Ungor. There are conflicting accounts of its form, some saying that it is a bangle, others that it is a headband or rod, so twisted and scuffed has it become after centuries in the hands of Goblins. However, its magic is still strong and upon the correct words being spoken, the Fiery Thing of Rori gouts forth balls of blue-tinged fire;;;;;;;;;;;;;x
gitsnik;Gitsnik;;;;;;;;;;;;;x
gitsnik_desc;This large and blood spattered axe, who's name simply means "foe killer", has many charms and pouches chained to its haft. These contain powerful sorceries woven by mighty orc Shamans that enable Grimgor to wield Gitsnik with blinding speed.;;;;;;;;;;;;;x
blood_forged_armour;Blood-Forged armor;;;;;;;;;;;;;x
blood_forged_armour_desc;Battered, scarred and twisted, just like its wearer, the Blood-Forged armor has served Grimgor well in many battles.;;;;;;;;;;;;;x
#Retinues
gnoblar_swarm;Gnoblar Swarm;;;;;;;;;;;;;x
snotling_swarm;Snotling Swarm;;;;;;;;;;;;;x
goblin_big_un;Goblin Big Uns;;;;;;;;;;;;;x
goblin_nasty_skulker;Goblin Nasty Skulkerz;;;;;;;;;;;;;x
goblin_boyz;Goblin Boyz;;;;;;;;;;;;;x
goblin_arrer_boyz;Goblin Arrer Boyz;;;;;;;;;;;;;x
goblin_wolf_riders;Goblin Wolf Riders;;;;;;;;;;;;;x
goblin_squig_hoppers;Goblin Squig Hopperz;;;;;;;;;;;;;x
goblin_wolf_chariots;Goblin Wolf Chariots;;;;;;;;;;;;;x
orc_savage_boyz;Savage Orc Boyz;;;;;;;;;;;;;x
orc_savage_boar_boyz;Savage Orc Boar Boyz;;;;;;;;;;;;;x
orc_big_un;Orc Big Uns;;;;;;;;;;;;;x
orc_boyz;Orc Boyz;;;;;;;;;;;;;x
orc_arrer_boyz;Orc Arrer Boyz;;;;;;;;;;;;;x
orc_boar_boyz;Orc Boar Boyz;;;;;;;;;;;;;x
orc_boar_chariots;Orc Boar Chariots;;;;;;;;;;;;;x
rogue_idolz;Rogue Idolz;;;;;;;;;;;;;x
greenskin_lobbers;Greenskin Lobbers;;;;;;;;;;;;;x
RETTYPE_WISSENGUN_2;Nuln Repeaters;;;;;;;;;;;;;x
RETTYPE_WISSENARTY_2;Nuln Cannons;;;;;;;;;;;;;x
RETTYPE_ST_HANGUNNERS_2;Handgunner State Troops;;;;;;;;;;;;;x
#Titles
k_phoenix_guard;Phoenix Guard;;;;;;;;;;;;;x
k_phoenix_guard_adj;Phoenix Guard;;;;;;;;;;;;;x
d_isle_of_flame;Isle of Flame;;;;;;;;;;;;;x
d_isle_of_flame_adj;Isle of Flame;;;;;;;;;;;;;x
c_isle_of_flame;Isle of Flame;;;;;;;;;;;;;x
c_isle_of_flame_adj;Isle of Flame;;;;;;;;;;;;;x
b_shrine_of_asuryan;Shrine of Asuryan;;;;;;;;;;;;;x
b_the_inner_shrine;The Inner Shrine;;;;;;;;;;;;;x
b_chamber_of_days;Chamber of Days;;;;;;;;;;;;;x
b_shrine_of_asuryan_adj;Phoenix Guard;;;;;;;;;;;;;x
b_the_inner_shrine_adj;Phoenix Guard;;;;;;;;;;;;;x
b_chamber_of_days_adj;Phoenix Guard;;;;;;;;;;;;;x
k_eonir;Eonir;;;;;;;;;;;;;x
k_eonir_adj;Eoniri;;;;;;;;;;;;;x
k_marche_orcale;Marche Orcale;;;;;;;;;;;;;x
k_marche_orcale_adj;Marcheur;;;;;;;;;;;;;x
k_broken_nose;Broken Nose;;;;;;;;;;;;;x
k_broken_nose_adj;Broken Nose;;;;;;;;;;;;;x
d_krimson_killerz_adj;Krimson Killerz;;;;;;;;;;;;;x
d_krimson_killerz;Krimson Killerz;;;;;;;;;;;;;x
k_cult_of_fire_mouth;Cult of The Fire Mouth;;;;;;;;;;;;;x
k_cult_of_fire_mouth_adj;Cult of The Fire Mouth;;;;;;;;;;;;;x
k_bonecrag;Bonecrag;;;;;;;;;;;;;x
k_bonecrag_adj;Bonecragg;;;;;;;;;;;;;x
k_dorazril;Dorazril;;;;;;;;;;;;;x
k_dorazril_adj;Dorazrili;;;;;;;;;;;;;x
d_grismer;Grismer;;;;;;;;;;;;;x
d_grismer_adj;Grismeran;;Grismeran;;;;;;;;;;;x
d_nordawal_guild;Guild of Nordawal;;;;;;;;;;;;;x
d_nordawal_guild_adj;Nordawal;;Nordawalar;;;;;;;;;;;x
d_querigord;Querigord;;;;;;;;;;;;;x
d_querigord_adj;Querigordan;;Querigordi;;;;;;;;;;;x
d_barak_varr_guild;Guild of Barak Varr;;;;;;;;;;;;;x
d_barak_varr_guild_adj;Barak Varran;;;;;;;;;;;;;x
d_bloodmaw;Bloodmaw;;;;;;;;;;;;;x
d_bloodmaw_adj;Bloodmawi;;;;;;;;;;;;;x
d_frozenmaw;Frozenmaw;;;;;;;;;;;;;x
d_frozenmaw_adj;Frozenmawi;;;;;;;;;;;;;x
d_high_peaks;High Peaks;;;;;;;;;;;;;x
d_high_peaks_adj;High Peaker;;;;;;;;;;;;;x
d_haraz;Haraz;;;;;;;;;;;;;x
d_haraz_adj;Harazan;;;;;;;;;;;;;x
d_karak_azul;Karak Azul;;;;;;;;;;;;;x
d_karak_azul_adj;Azulan;;;;;;;;;;;;;x
c_vulchan;Vulchan;;;;;;;;;;;;;x
c_vulchan_adj;Vulchanite;;;;;;;;;;;;;x
c_deff_gorge;Deff Gorge;;;;;;;;;;;;;x
c_deff_gorge_adj;Deffiant;;;;;;;;;;;;;x
b_vulchan;Vulchan;;;;;;;;;;;;;x
b_syrima;Syrima;;;;;;;;;;;;;x
b_djed_alam;Dje'Alam;;;;;;;;;;;;;x
b_mepos;Mepos;;;;;;;;;;;;;x
b_alhatun;Alhatun;;;;;;;;;;;;;x
b_axendu;Axendu;;;;;;;;;;;;;x
b_strygonmar;Strygonmar;;;;;;;;;;;;;x
b_drakhal;Drakhal;;;;;;;;;;;;;x
b_irranon;Irannon;;;;;;;;;;;;;x
d_karak_ziflin;Karak Ziflin;;;;;;;;;;;;;x
d_irrana_mountains;Irrana Mountains;;;;;;;;;;;;;x
b_aujolais;Aujolais;;;;;;;;;;;;;x
sympathy_vampiric_opinion;Vampiric Influence;;;;;;;;;;;;;x
opinion_of_sympathy_vampiric;Opinion of Vampiric Influence;;;;;;;;;;;;;x
creature_orc_opinion;Orkish Opinion;;;;;;;;;;;;;x
creature_goblin_opinion;Goblin Opinion;;;;;;;;;;;;;x
great_maw_group_opinion;Great Maw Group Opinion;;;;;;;;;;;;;x
creature_dwarf_opinion;Dawi Opinion;;;;;;;;;;;;;x
#Society
warband_call_to_waaagh;Call to Waagh;;;;;;;;;;;;;x
warband_call_to_waaagh_desc;Rouse your Warband in promises for great battles §YExchanges§! Society Currency in favor of Fightiness or Call to Waaagh! and supplements retinues;;;;;;;;;;;;;x
greenskin_warband_call_to_waagh;Call to Waagh;;;;;;;;;;;;;x
greenskin_warband_call_to_waagh_power_desc;Rouse your Warband in promises for great battles §YExchanges§! Society Currency in favor of Fightiness or Call to Waaagh! and supplements retinues;;;;;;;;;;;;;x
warband_mork_leader_desc;'Em Bigg'st Badd'st boss of Mork;;;;;;;;;;;;;x
warband_gork_leader_desc;'Em Bigg'st Badd'st boss of Mork;;;;;;;;;;;;;x
warband_mork_rank_4_male;Warlord of Mork;;;;;;;;;;;;;x
warband_gork_rank_4_male;Warlord of Gork;;;;;;;;;;;;;x
warband_mork_rank_3_male;Fighta of Mork;;;;;;;;;;;;;x
warband_gork_rank_3_male;Fighta of Gork;;;;;;;;;;;;;x
warband_mork_rank_2_male;Choppa of Mork;;;;;;;;;;;;;x
warband_gork_rank_2_male;Choppa of Gork;;;;;;;;;;;;;x
warband_mork_rank_1_male;Boy of Mork;;;;;;;;;;;;;x
warband_gork_rank_1_male;Boy of Gork;;;;;;;;;;;;;x
warband_mork_rank_4_female;Warlord of Mork;;;;;;;;;;;;;x
warband_gork_rank_4_female;Warlord of Gork;;;;;;;;;;;;;x
warband_mork_rank_3_female;Fighta of Mork;;;;;;;;;;;;;x
warband_gork_rank_3_female;Fighta of Gork;;;;;;;;;;;;;x
warband_mork_rank_2_female;Choppa of Mork;;;;;;;;;;;;;x
warband_gork_rank_2_female;Choppa of Gork;;;;;;;;;;;;;x
warband_mork_rank_1_female;Boy of Mork;;;;;;;;;;;;;x
warband_gork_rank_1_female;Boy of Gork;;;;;;;;;;;;;x
currency_name_warband_gork;Tuffness;;;;;;;;;;;;;x
currency_name_warband_mork;Kunn'n;;;;;;;;;;;;;x
warband_mork;Warband of Mork;;;;;;;;;;;;;x
warband_gork;Warband of Gork;;;;;;;;;;;;;x
warband_gork_desc;Warriors dedicated to god that is primary deity of clobbering, smashing, breaking, killing and pummelling the rest of the world into submission. This is a notion that resonates strongly with the more warlike and highly volatile Orc sub-species, where their single-mindedness for violence and brutality often out-shadows their otherwise low cunning.;;;;;;;;;;;;;x
warband_mork_desc;Warriors dedicated to god that is the patron deity of cunning and shamans. Whereas Gork is most likely to clobber an enemy god in the face, Mork will happily wait until his enemy's back is turned before raising his club and belting him around the back of the head. It is Mork who is revered by the stranger and arguably more intelligent strains of Greenskins, the most prominent of which are the Goblins and Night Goblins.;;;;;;;;;;;;;x
SPECIAL_TROOPS_MORALE;Special Unit Morale;;;;;;;;;;;;;x
warband_specialization;Warband Specialization;;;;;;;;;;;;;;x
warband_specialization_desc;Choose a Warband specialization.;;;;;;;;;;;;;x
#Modifier
military_snotling;Devious Snotling gives Military Advice;;;;;;;;;;;;;x
mismanaged_warband;Mismanaged Warband;;;;;;;;;;;;;x
settled_warlord;Settled Greenskin Warlord;;;;;;;;;;;;;x
empowered_by_waaagh;Waaagh! Empowerment;;;;;;;;;;;;;x
waagh_fervor;Waaagh! Fervor;;;;;;;;;;;;;x
waaagh_fervor;WAAAGH!!!;;;;;;;;;;;;;x
waaagh_fervor_desc;The drums of waaagh are bashing in anticipation of many battles to come, causing greenskin flock to this Waaagh.;;;;;;;;;;;;;x
waaagh_fervor_weaker;Waaagh!;;;;;;;;;;;;;x
waaagh_fervor_weaker_desc;The tidings in battlefield have made most of the greenskins start slowly losing heart at the ongoing Waaagh... making it harder to get more warriors.;;;;;;;;;;;;;x
waaagh_fervor_exhaustion;Waaagh Exhaustion;;;;;;;;;;;;;x
waaagh_fervor_exhaustion_desc;This Warboss's Waaagh has been largely unsucceful causing the greenskins from every ilk view him with distrust and start abandoning the waaagh...;;;;;;;;;;;;;x
call_to_waaagh;Call to Waaagh!;;;;;;;;;;;;;x
call_to_waaagh_desc;Fightiness is §GGained§! through winning major battles against the defenders during a Waaagh and society decisions. However it is also §RLost§! by losing battles, wars or accepting white peace.;;;;;;;;;;;;;x
greenskin_fightiness;Greenskin Fightiness;;;;;;;;;;;;;x
greenskin_fightiness_desc;Fightiness is §GGained§! through winning battles, wars, and starting wars. However it is also §RLost§! by losing battles, wars or accepting white peace.;;;;;;;;;;;;;x
critter;Critter;;;;;;;;;;;;;x
critter_defensive;Critter Obedience;;;;;;;;;;;;;x
critter_offensive;Critter Ferociousness;;;;;;;;;;;;;x
critter_morale;Critter Cowardice;;;;;;;;;;;;;x
bretonnian_marcheur_culture_modifier;Marcheur Culture Modifier;;;;;;;;;;;;;x
bretonnian_mousillonian_culture_modifier;Mousillonian Culture Modifier;;;;;;;;;;;;;x
bretonnian_culture_modifier;Breton Culture Modifier;;;;;;;;;;;;;x
bretonnian_nortagnese_culture_modifier;Nortagnese Culture Modifier;;;;;;;;;;;;;x
bretonnian_gisoren_culture_modifier;Gisoren Culture Modifier;;;;;;;;;;;;;x
bretonnian_bourgon_culture_modifier;Bourgon Culture Modifier;;;;;;;;;;;;;x
bretonnian_armoric_culture_modifier;Armoric Culture Modifier;;;;;;;;;;;;;x
bretonnian_gascon_culture_modifier;Gascon Culture Modifier;;;;;;;;;;;;;x
bretonnian_carcassian_culture_modifier;Carcassian Culture Modifier;;;;;;;;;;;;;x
chaosogre_culture_modifier;Chaos Ogre Culture Modifier;;;;;;;;;;;;;x
firegut_culture_modifier;Firegut Ogre Culture Modifier;;;;;;;;;;;;;x
asrai_group_opinion;Asrai Opinion;;;;;;;;;;;;;x
opinion_of_is_fat;Opinion of Fat;;;;;;;;;;;;;x
opinion_of_temperate;Opinion of Temperance;;;;;;;;;;;;;x
opinion_of_cruel;Opinion of Cruelty;;;;;;;;;;;;;x
creature_chaos_dwarf_opinion;Chaos Dwarf Opinion;;;;;;;;;;;;;x
opinion_of_creature_chaos_dwarf;Opinion of Chaos Dwarf;;;;;;;;;;;;;x
opinion_of_creature_human;Opinion of Humans;;;;;;;;;;;;;x
opinion_of_khemri_tomb_king;Opinion of Tomb Kings;;;;;;;;;;;;;x
opinion_of_khemri_tomb_king;Opinion of Tomb Kings;;;;;;;;;;;;;x
opinion_of_creature_nehekharan;Opinion of Tomb Kings;;;;;;;;;;;;;x
opinion_of_creature_goblin;Opinion of Goblinoids;;;;;;;;;;;;;x
opinion_of_creature_orc;Opinion of Orcs;;;;;;;;;;;;;x
opinion_of_creature_snotling;Opinion of Lesser Goblinoids;;;;;;;;;;;;;x
opinion_of_creature_beastman;Opinion of Beastmen;;;;;;;;;;;;;x
opinion_of_creature_chaosspawn;Opinion of Chaosspawn;;;;;;;;;;;;;x
opinion_of_creature_skaven;Opinion of Skaven;;;;;;;;;;;;;x
#Opinions
opinion_breakaway_nomad;Breakaway Nomad;;;;;;;;;;;;;x
opinion_rid_cowardice;Rid of Cowardice;;;;;;;;;;;;;x
opinion_build_courage;Building Courage;;;;;;;;;;;;;x
###OGRES###
#culture
firegut_ogre;Firegut Ogre;;;;;;;;;;;;;x
irongut_ogre;Irongut Ogre;;;;;;;;;;;;;x
chaos_ogre;Chaos Ogre;;;;;;;;;;;;;x
#Religion
fire_mouth;Fire Mouth;;;;;;;;;;;;;x
fire_mouth_DESC;The Fire Mouth is the Ogre God of Fire and Volcanoes, and the supposed offspring of the Great Maw. Every so often the skies of the Ogre Kingdoms are thrown into turmoil, set alight by the volcano the Ogres call the Fire Mouth.;;;;;;;;;;;;;x
#Traits
sympathy_vampiric;Vampiric Influence;;;;;;;;;;;;;x
sympathy_vampiric_desc;This Character is Easily Swayed by the Necromantic Vampires;;;;;;;;;;;;;x
warband_forestboss;Greenskin Forest Warboss;;;;;;;;;;;;;x
dwarf_slayer_king;Dwarf Slayer King;;;;;;;;;;;;;x
warband_ngboss;Night Goblin Warboss;;;;;;;;;;;;;x
warband_mountainboss;Greenskin Mountain Warboss;;;;;;;;;;;;;x
warband_warboss;Greenskin Warboss;;;;;;;;;;;;;x
warband_forestboss_desc;This Warboss has taken to liking to master fighting in Forests and Jungles;;;;;;;;;;;;;x
warband_ngboss_desc;This Nightgoblin Warboss has taken to liking to master fighting in mountains;;;;;;;;;;;;;x
warband_mountainboss_desc;This Warboss has taken to liking to master fighting in mountains;;;;;;;;;;;;;x
warband_warboss_desc;This Warboss has taken preferance on open battlefield;;;;;;;;;;;;;x
waaagh_warlord;Waaagh Warlord;;;;;;;;;;;;;x
waaagh_warlord_desc;This Greenskin Warlord has taken part in great Waaagh!;;;;;;;;;;;;;x
ogre_slaughtermaster;Slaughtermaster;;;;;;;;;;;;;x
ogre_slaughtermaster_desc;Hideous and mean, Slaughtermasters are a form of tribal shaman, yet their role is more that of a holy man than magic-user.;;;;;;;;;;;;;x
ogre_firemouth;Firebelly;;;;;;;;;;;;;x
ogre_firemouth_desc;Firebellies are the roaring, blazing priests of the Ogre deity known as the Fire Mouth. Bald and broad, they can breathe out a cloud of billowing flame so fierce that it can melt through chainmail in seconds.;;;;;;;;;;;;;x
lore_maw;Lore of the Great Maw - §GBattle Magic Pool([This.MagicPool.GetValue]/[This.MagicPoolMax.GetValue])§!;;;;;;;;;;;;;x
lore_maw_desc;simply Gut Magic is quite unlike the arcane arts used by Human wizards. Ogre Butchers use shamanic rites that revolve around devouring parts of their victims, the items acting as fetishes that channel the raw power of the Great Maw.;;;;;;;;;;;;;x
#
dwarf_southron;Southron Dwarf;;;;;;;;;;;;;x
dwarf_grey;Grey Dwarf;;;;;;;;;;;;;x
upgrade_delving_hold;Delving Hold;;;;;;;;;;;;;x
upgrade_delving_hold_desc;Red Eye Mountain, formerly known as Karak Ungor, or the Delving Hold is a massive fortress-city of the Night Goblins of the Red Eye Tribe, which was conquered during the onset of the Goblin Wars. At the Dwarfs' height during the Golden Age, Karak Ungor boasted one of the deepest and richest mines in all of Karaz Ankor. As the ore and mineral deposits were finally dug out completely, the Dwarfs simply abandoned the tunnels, never expecting the consequence of such ill-vigilance would have upon their kingdom.;;;;;;;;;;;;;x
upgrade_greenskin_beast_lairz;Beast Lairz;;;;;;;;;;;;;x
upgrade_greenskin_beast_lairz_desc;In the dankest parts of the forests or the Badlands lurk beasts that hunt gobbos. These creatures are mostly hunted, in turn, by the Orcs who - if they can't fight each other or da other zoggin' gits - be they stuntie or humie - will scrap with the native fauna for food, for teef and for furs and hides.;;;;;;;;;;;;;x
upgrade_greenskin_shaman_hut;Shaman's Hut;;;;;;;;;;;;;x
upgrade_greenskin_shaman_hut_desc;When they are not dancing and prancing, Shamans can be quite glum and will reside in isolated, decrepit huts away from the tribe, Allows Recruitment of Shamans.;;;;;;;;;;;;;x
upgrade_black_orc_forge;Black Orc Forge;;;;;;;;;;;;;x
upgrade_black_orc_forge_desc;Forges manned by the infamous black orcs, allways wary of war must learn how to forge their own armor.;;;;;;;;;;;;;x
upgrade_goblin_workshop;Goblin Workshop;;;;;;;;;;;;;x
upgrade_goblin_workshop_desc;The Goblin Tinkerers reside here and invent new ways mechanications to try and defeat their enemies, or themselves.;;;;;;;;;;;;;x
upgrade_arachnid_hide;Arachnid Hive;;;;;;;;;;;;;x
upgrade_arachnid_hive_desc;Hundreds of large arachnid eggs lie dormant in this hive, ready for hatching and to be unleashed.;;;;;;;;;;;;;x
grotbag_crooked_moon;Deceitful Ancestry of [This.GetTitledFirstName];;;;;;;;;x
grotbag_crooked_moon_desc;Grotbag, the mighty goblin warlord machinated the downfall of the great hold of Azril Ungol, with help of the pincer attack of the skaven, eating the dwarfs present.;;;;;;;;;x
urk_grimfang;Triumphant Ancestry of [This.GetTitledFirstName];;;;;;;;;x
urk_grimfang_desc;In -1367IC, Warboss Urk Grimfang led a devestating assault of mount silverspear Slaughtering the remaining dwarven forces, and forcing majority to retreat to Everpeak.;;;;;;;;;x
badruk;Cursed Ancestry of [This.GetTitledFirstName];;;;;;;;;x
badruk_desc;The Grey Dwarfs know him well. Actually, he has caused so many deaths down the years that there are few families who have not lost a relative or friend to Badruk or his boyz.;;;;;;;;;x
gorbad_ironclaw;Tyrannical Ancestry of [This.GetTitledFirstName];;;;;;;;;x
gorbad_ironclaw_desc;In his day, Gorbad led a massive invasion that almost crushed the Empire. His armies succeeded in slaying Emperor Sigismund and wiping the Imperial province of Solland off the map, but was grievously wounded at the Battle of Blood Peak.;;;;;;;;;;;;;x
morglor_the_mangler;Morglor The Mangler;;;;;;;;;;;;;x
morglor_the_mangler_desc;Morglor the Mangler is one of the most feared weapons ever to be wielded by an Orc warboss. Its thirst for mayhem and death matched only by htat of its owner.;;;;;;;;;;;;;x
##Wonder
wonder_shrine_asuryan;Shrine of Asuryan;;;;;;;;;;;;;x
wonder_shrine_asuryan_desc;The temple itself is not of Elven design. According to Teclis, the ziggurat echoes the patterns of ancient cities of the Slann. Some think it was they who first contacted Asuryan and taught his worship to the Elves. Up close, the ancient, weathered stones are covered in an ochre moss. For visitors, as the temple rises above them, it can be difficult to tell the real scale of the structure, seeming as though it were part of the cliffs, a mountain that had been partially sculpted by the ancient builders. It was as if the gods themselves had placed it there. Even non-mages can tell that there was a power contained within the Shrine, can sense the energy pulsating out through the very stone. When Teclis and Tyrion visited the Shrine, the former looked as though gazing upon some natural marvel: a mountain landscape, a perfect beach, a glorious sunset. The sixteen year old's face was transformed as if he were looking upon a wonder. Indeed, Teclis claimed he could see the Flame of Asuryan burning through the cliff. He then corrected himself in saying that he not so much saw as "perceived" its energy. In his own words, this was a place where a power from Outside touches the mortal world. Something vast and slow and terribly ancient.;;;;;;;;;;;;;x
wonder_tor_lithanel;Tor Lithanel;;;;;;;;;;;;;x
wonder_tor_lithanel_desc;Tor Lithanel started out as a fortified research post within Laurelorn Wood, known as silver wood to the elves, named after the fabled tree of the region. During the war of the beard, as the Asur settlements fell, and their people called back to Ulthuan those who decided to stay flocked to Tor Lithanel, which over time grew into a large city hidden within the ancient forest. Here they were safe from the dwarfs.;;;;;;;;;;;;;x
upgrade_forges_of_gunbad;The Gunbad Forges;;;;;;;;;;;;;x
upgrade_forges_of_gunbad_desc;The once mighty Fortress City of Gunbad of the Dawi, has been long Lost to the greenskins and their forgings ever prepared for war.;;;;;;;;;;;;;x
wonder_dawi_gunbad;Karaz Gunbad;;;;;;;;;;;;;x
wonder_dawi_gunbad_desc;While the bulk of the Dwarf armies were still returning from their victorious campaign against the Elves, disaster came over the Worlds Edge Mountains. Earthquakes covered the mountain passes with rubble, isolating temporarily holds and mines. Gunbad Dwarfs fought valiantly when the Greenskins came, but defeat was inevitable.\n Over two hundred years ago Dwarfs came back to Gunbad in great numbers. Led by Logazor Brightaxe, they managed to retake the mines, but this victory left Gunbad isolated in the midst of a land still riddled with Orcs and Goblins, which turned it into a tempting and vulnerable goal. It was just a matter of time before Dwarfs were forced to relinquish their dominion over Gunbad once more. After this defeat, Dwarfs haven't had enough strength to retake the mines to the East of the Worlds Edge Mountains.;;;;;;;;;;;;;x
wonder_dawi_karak_ungor;Karak Ungor;;;;;;;;;;;;;x
wonder_dawi_karak_ungor_desc;Red Eye Mountain, formerly known as Karak Ungor, or the Delving Hold is a massive fortress-city of the Night Goblins of the Red Eye Tribe, which was conquered during the onset of the Goblin Wars. At the Dwarfs' height during the Golden Age, Karak Ungor boasted one of the deepest and richest mines in all of Karaz Ankor. As the ore and mineral deposits were finally dug out completely, the Dwarfs simply abandoned the tunnels, never expecting the consequence of such ill-vigilance would have upon their kingdom.;;;;;;;;;;;;;x
wonder_dawi_karag_dum;Karag Dum;;;;;;;;;;;;;x
wonder_dawi_karag_dum_desc;Karag Dum was the mightiest of the fortress cities of the dwarfs in the northern lands, standing at the threshold of the Chaos Wastes.  When the armies of Chaos conquered it, Karag Dum and the lands until Blackblood Pass became part of the evershifting lands of the wastes.  King Thangrim Firebeard led the last stand against the armies of Chaos, but was defeated when the leader of the Chaos army summoned a Bloodthirster. He was forced to retreat deeper into the halls along with his surviving warriors. Only a handful of dawi managed to escape the fortress.  Karag Dum became a haven for the forces of Chaos, who used its furnaces for the creation of their own weapons and armor;;;;;;;;;;;;;x
wonder_iron_stronghold_desc;The Orc stronghold in the north of the Badlands is known as Iron Rock. It is a mountain formed of molten iron, vomited from the bowels of the earth during some ancient upheaval. The Dwarfs first discovered the mountain's rich seams and created a labyrinth of partially finished mineworks, but before they could extract the valuable resources held within, the Orcs arrived. Despite the Dwarfs' continued claim to the mountain, for over 800 years it has remained firmly in Greenskin hands.\n The legendary Warboss, Gorbad Ironclaw, forever secured Iron Rock's dominance of the northern tribes by defeating Crusher Zorgoth and so uniting both Ironclaw and Broken Tooth tribes into a powerful tribal union that has subjugated the area ever since.;;;;;;;;;;;;;x
wonder_iron_stronghold;Iron Rock;;;;;;;;;;;;;x
wonder_massif_orcal;Massif Orcal;;;;;;;;;;;;;x
wonder_massif_orcal_desc;sheer cliffs of the Massif Orcal rise above the wild Forest of Châlons and mark the beginning of a rocky highland occupied by Orcs and other monsters. \n It is a barren, desolate place, a blighted region almost devoid of life. Scraggly pines cling to some of the upper heights, and equally sickly-looking brambles creep about the lower slopes, vainly trying to wrest moisture from the thin layer of soil that powders the rocks. It is a miserable region, shunned by the men of Bretonnia. There is no game to be hunted, no mineral wealth to be wrested from the mountains, no fertile land to claim and build upon. Only orcs and goblins call this place home, foul remnants of the once great hordes that had been scoured from the lands of Bretonnia during the founding of the kingdom. The ruined battlements of old watchtowers and keeps built long ago to guard against the threat of Greenskins sometimes loom into view, slowly crumbling away upon distant hilltops, forlorn reminders of a time when the goblins could still sometimes muster great armies to despoil the lands of Quenelles and Bastonne.;;;;;;;;;;;;;x
wonder_greenskin_arachnid_lair;Arachnid Hive;;;;;;;;;;;;;x
wonder_greenskin_arachnid_lair_desc;The Spider Kult's Hive is a major hive to gather and serve spiders. The largest among them are the Arachnok spiders, bolstered with numerous greenskin protecting them.;;;;;;;;;;;;;x
wonder_greenskin_arachnid_lair_construction_desc;A Spider Kult's Hive is a major hive to gather and serve spiders, the largest among being the Arachnok spiders, bolstered with numerous greenskin protecting them.;;;;;;;;;;;;;x
wonder_greenskin_stronghold;Greenskin Stronghold;;;;;;;;;;;;;x
wonder_greenskin_stronghold_desc;Ranshackly built Stronghold by the infesting Greenskins to control the area with more brutal effiency in image of tyranny.;;;;;;;;;;;;;x
wonder_greenskin_stronghold_construction_desc;Ranshackly built Stronghold by the infesting Greenskins to control the area with more brutal effiency in image of tyranny.;;;;;;;;;;;;;x
###Laws
tooltip_feudal_elector_vote_strong_commander;He is Good Commander;;;;;;;;;;;;;x
tooltip_feudal_elector_vote_weak_commander;He is Weak Commander;;;;;;;;;;;;;x
tooltip_feudal_elector_vote_foreign_race;He is Different Race;;;;;;;;;;;;;x
succ_military_elective;Military Command;;;;;;;;;;;;;x
military_elective;Military Command;;;;;;;;;;;;;x
succ_military_elective_desc;The Ruler, Marshal and Generals can nominate successor from among themselves and Relatives of the Ruler, Advisors are Valid Electors in Kingdom and Empires. Military Command is very Popular among martial Societies.;;;;;;;;;;;;;x
greenskin_racial_purity_laws;Racial Purity Laws;;;;;;;;;;;;;x
greenskin_racial_purity_laws_desc;To Define the attitude towards other Greenskin races within your Personal Horde;;;;;;;;;;;;;x
greenskin_purity_laws_0;Racial Purity Laws;;;;;;;;;;;;;x
greenskin_purity_laws_0_desc;More Greenskin for the Horde;;;;;;;;;;;;;x
greenskin_purity_laws_1;Military Exempt;;;;;;;;;;;;;x
greenskin_purity_laws_1_desc;Surely Best of the best of lesser greenskin can be used;;;;;;;;;;;;;x
greenskin_purity_laws_2;Racial Purity Laws;;;;;;;;;;;;;x
greenskin_purity_laws_2_desc;[Root.Holder.Culture.GetName]s are da best and only one Deserving to be part of da Horde!;;;;;;;;;;;;;x
###Buildings
ca_phoenix_guard_base;Phoenix Guard Barracks;;;;;;;;;;;;;x
ct_phoenix_guard_base;Phoenix Guard Barracks;;;;;;;;;;;;;x
tp_phoenix_guard_base;Phoenix Guard Quarters;;;;;;;;;;;;;x
tp_phoenix_guard_base_desc;The Phoenix Guard are the fearsome guardians of the Shrine of Asuryan, the great pyramid-temple in the Sea of Dreams;;;;;;;;;;;;;x
tb_river_troll_caves;River Troll Caves;;;;;;;;;;;;;x
tb_river_troll_caves_desc;River Troll Caves;;;;;;;;;;;;;x
ct_orc_town_1;Orc Village;;;;;;;;;;;;;x
ct_orc_town_2;Orc Village;;;;;;;;;;;;;x
ct_orc_town_3;Orc Village;;;;;;;;;;;;;x
ct_orc_town_desc;Orc Village;;;;;;;;;;;;;x
ct_goblin_town_1;Goblin Village;;;;;;;;;;;;;x
ct_goblin_town_2;Goblin Village;;;;;;;;;;;;;x
ct_goblin_town_3;Goblin Village;;;;;;;;;;;;;x
ct_goblin_town_desc;Goblin Village;;;;;;;;;;;;;x
ct_greenskin_arena;Greenskin Arena;;;;;;;;;;;;;x
ct_greenskin_arena_desc;Greenskin Arena;;;;;;;;;;;;;x
tb_troll_pen_hill_1;Troll Pen;;;;;;;;;;;;;x
tb_troll_pen_hill_2;Troll Pen;;;;;;;;;;;;;x
tb_troll_pen_hill_3;Troll Pen;;;;;;;;;;;;;x
tb_troll_pen_hill_4;Troll Pen;;;;;;;;;;;;;x
tb_hill_goblin_camp_1;Hill Goblin Camp;;;;;;;;;;;;;x
tb_hill_goblin_camp_2;Hill Goblin Camp;;;;;;;;;;;;;x
tb_hill_goblin_camp_3;Hill Goblin Camp;;;;;;;;;;;;;x
tb_hill_goblin_camp_4;Hill Goblin Camp;;;;;;;;;;;;;x
tb_goblin_wolf_pit_hill_1;Hill Goblin Wolf Pit;;;;;;;;;;;;;x
tb_goblin_wolf_pit_hill_2;Hill Goblin Wolf Pit;;;;;;;;;;;;;x
tb_goblin_wolf_pit_hill_3;Hill Goblin Wolf Pit;;;;;;;;;;;;;x
tb_goblin_wolf_pit_hill_4;Hill Goblin Wolf Pit;;;;;;;;;;;;;x
ca_greenskin_fort_1;Greenskin Fort;;;;;;;;;;;;;x
ca_greenskin_fort_2;Greenskin Fort;;;;;;;;;;;;;x
ca_greenskin_fort_3;Greenskin Fort;;;;;;;;;;;;;x
ca_greenskin_fort_4;Greenskin Fort;;;;;;;;;;;;;x
ca_greenskin_fort_desc;Some effort by greenskins have been put to making some sturdy fortifications to dominate the nearby area.;;;;;;;;;;;;;x
tr_mine_1;Guild Mine;;;;;;;;;;;;;x
tr_mine_2;Guild Mine;;;;;;;;;;;;;x
tr_mine_3;Guild Mine;;;;;;;;;;;;;x
tr_mine_desc;Mines ran by the guild officials from their headquarters;;;;;;;;;;;;;x
tr_slave_hub_1;Slaver Hub;;;;;;;;;;;;;x
tr_slave_hub_2;Slaver Hub;;;;;;;;;;;;;x
tr_slave_hub_3;Slaver Hub;;;;;;;;;;;;;x
tr_slave_hub_desc;Many Dawi Zharr flock around there to manage their "merchandise";;;;;;;;;;;;;x
tr_slavepost_1;Slaver Raiding Camp;;;;;;;;;;;;;x
tr_slavepost_2;Slaver Raiding Camp;;;;;;;;;;;;;x
tr_slavepost_3;Slaver Raiding Camp;;;;;;;;;;;;;x
tr_slavepost_desc;Slaver's stage raids into the province from here disrupting the local economy;;;;;;;;;;;;;x
tr_guild_headquarters_1;Guild Headquarters;;;;;;;;;;;;;x
tr_guild_headquarters_2;Guild Headquarters;;;;;;;;;;;;;x
tr_guild_headquarters_3;Guild Headquarters;;;;;;;;;;;;;x
tr_guild_headquarters_desc;Dwarf society is predicated on Guilds. Of the numerous Dwarf clans that inhabit a hold, many of them will be expert craftsmen in some field and thus belong to the guilds associated with their given profession. Of all the guilds, it is the craft guilds that are the most highly respected and who enjoy a high pecking order in dwarf hierarchy. Goldsmiths, brewmasters, weaponsmiths, runesmiths, jewelsmiths, stonemasons, miners and engineers (one of the most powerful and highly respected craft guilds, whose principal shrine is at Zhufbar) are some of the most esteemed - only members of the royal clan are ranked higher;;;;;;;;;;;;;x
tb_ogre_tribe_1;Ogre Tribe;;;;;;;;;;;;;x
tb_ogre_tribe_2;Ogre Tribe;;;;;;;;;;;;;x
tb_ogre_tribe_3;Ogre Tribalhold;;;;;;;;;;;;;x
tb_ogre_tribe_4;Ogre Tribalhold;;;;;;;;;;;;;x
tb_ogre_tribe_5;Ogre Tribalhold;;;;;;;;;;;;;x
tb_ogre_tribe_desc;Ogre society is centered around two important aspects of their culture and way of life; eating and fighting.;;;;;;;;;;;;;x
tb_mess_hall_1;Mess Hall;;;;;;;;;;;;;x
tb_mess_hall_2;Mess Hall;;;;;;;;;;;;;x
tb_mess_hall_3;Mess Hall;;;;;;;;;;;;;x
tb_mess_hall_4;Mess Hall;;;;;;;;;;;;;x
tb_mess_hall_5;Mess Hall;;;;;;;;;;;;;x
tb_mess_hall_6;Mess Hall;;;;;;;;;;;;;x
tb_mess_hall_desc;The Mess Hall is the heart of all ogre hordes, it is where they gather to feast, revel, and make merry.;;;;;;;;x
tb_beer_hall_1;Beer Hall;;;;;;;;;;;;;x
tb_beer_hall_2;Beer Hall;;;;;;;;;;;;;x
tb_beer_hall_3;Beer Hall;;;;;;;;;;;;;x
tb_beer_hall_4;Beer Hall;;;;;;;;;;;;;x
tb_beer_hall_5;Beer Hall;;;;;;;;;;;;;x
tb_beer_hall_6;Beer Hall;;;;;;;;;;;;;x
tb_beer_hall_desc;Mead, ale, and beer are all important drinks for an ogre horde. To have a shortage of any of the three would lead to fighting amongst the ogres, instead of fighting other enemies.;;;;;;;;x
tb_foraging_parties_1;Foraging Parties;;;;;;;;;;;;;x
tb_foraging_parties_2;Foraging Parties;;;;;;;;;;;;;x
tb_foraging_parties_3;Foraging Parties;;;;;;;;;;;;;x
tb_foraging_parties_4;Foraging Parties;;;;;;;;;;;;;x
tb_foraging_parties_5;Foraging Parties;;;;;;;;;;;;;x
tb_foraging_parties_6;Foraging Parties;;;;;;;;;;;;;x
tb_foraging_parties_desc;Ogres are famously good at two things, eating and looting. They're also quite adept at cobbling together whatever they need from natural resources or the ruins of other civilisations. Building up our foraging parties will ensure that our host has more than enough to go around, whether it be food or weapons.;;;;;;;;x
tb_boulder_tossing_1;Boulder Tossing;;;;;;;;;;;;;x
tb_boulder_tossing_2;Boulder Tossing;;;;;;;;;;;;;x
tb_boulder_tossing_3;Boulder Tossing;;;;;;;;;;;;;x
tb_boulder_tossing_4;Boulder Tossing;;;;;;;;;;;;;x
tb_boulder_tossing_5;Boulder Tossing;;;;;;;;;;;;;x
tb_boulder_tossing_6;Boulder Tossing;;;;;;;;;;;;;x
tb_boulder_tossing_desc;While wrestling and eating are the more preferred ways of showing who's the boss in an ogre horde, another popular game of skill and strength is to hurl enormous rocks as far as one can. Anyone crushed by the sudden death from above is a welcome snack.;;;;;;;;x
tb_monster_hold_1;Monster Pens;;;;;;;;;;;;;x
tb_monster_hold_2;Monster Pens;;;;;;;;;;;;;x
tb_monster_hold_3;Monster Pens;;;;;;;;;;;;;x
tb_monster_hold_4;Monster Pens;;;;;;;;;;;;;x
tb_monster_hold_desc;The Ogres are known to tame many of the massive beasts of the mountains of mourn and chaos wastes in battle as mounts or shock forces.;;;;;;;;;;;;;x
tb_goblin_mercs_1;Goblin Mercenaries;;;;;;;;x
tb_goblin_mercs_2;Goblin Mercenaries;;;;;;;;x
tb_goblin_mercs_3;Goblin Mercenaries;;;;;;;;x
tb_goblin_mercs_desc;Ogre hosts are known to employ large bands of hobgoblins and gnoblars, acting as fodder, skirmishers, or light cavalry support.;;;;;;;;x
tb_irongut_barracks_1;Irongut Barracks;;;;;;;;;;;;;x
tb_irongut_barracks_2;Irongut Barracks;;;;;;;;;;;;;x
tb_irongut_barracks_3;Irongut Barracks;;;;;;;;;;;;;x
tb_irongut_barracks_4;Irongut Barracks;;;;;;;;;;;;;x
tb_irongut_barracks_desc;Ironguts wear large, ornamental gut-plates to show off their elite standing, and cover their meaty arms and boulder-like heads in heavy armor plating cobbled together from various conquests over the years.;;;;;;;;;;;;;x
tb_ogre_mournfang_pit_1;Mournfang Pit;;;;;;;;;;;;;x
tb_ogre_mournfang_pit_2;Mournfang Pit;;;;;;;;;;;;;x
tb_ogre_mournfang_pit_3;Mournfang Pit;;;;;;;;;;;;;x
tb_ogre_mournfang_pit_4;Mournfang Pit;;;;;;;;;;;;;x
tb_ogre_mournfang_pit_desc;he Mournfang Cavalry are arguably the heaviest of their kind, the Ogre Kingdoms utilising them to brutal effect as a force of powerful shock cavalry that can literally mow down entire enemy formation in a great, thunderous charge.;;;;;;;;;;;;;x
tb_leadbelcher_quarters_1;Leadbelcher Quarters;;;;;;;;;;;;;x
tb_leadbelcher_quarters_2;Leadbelcher Quarters;;;;;;;;;;;;;x
tb_leadbelcher_quarters_3;Leadbelcher Quarters;;;;;;;;;;;;;x
tb_leadbelcher_quarters_4;Leadbelcher Quarters;;;;;;;;;;;;;x
tb_leadbelcher_quarters_desc;Leadbelchers, the Ogre term for both the weapon and the unit that carries them, are the heavy artillery of the Ogre Kingdoms;;;;;;;;;;;;;x
#Hobgob
tb_fane_of_hashut;Fane of Hashut;;;;;;;;;;;;;x
tb_fane_of_hashut_desc;An Shrine with alot of icons of crude hashut provided by the dawi zharr from their old temples to provide place of worship for the Greenskin slaves.;;;;;;;;;;;;;x
tb_greenskin_satrapy_outpost_1;Satrapy Outpost;;;;;;;;;;;;;x
tb_greenskin_satrapy_outpost_2;Satrapy Overseer Camp;;;;;;;;;;;;;x
tb_greenskin_satrapy_outpost_3;Satrapy Overseer Camp;;;;;;;;;;;;;x
tb_greenskin_satrapy_outpost_4;Satrapy Overseer Camp;;;;;;;;;;;;;x
tb_greenskin_satrapy_outpost_desc;An outpost that the local Greenskin Satrapy uses to overseer the slaves of province;;;;;;;;;;;;;x
tb_hobgoblin_bivouac_1;Hobgoblin Bivouac;;;;;;;;;;;;;x
tb_hobgoblin_bivouac_2;Hobgoblin Bivouac;;;;;;;;;;;;;x
tb_hobgoblin_bivouac_3;Hobgoblin Bivouac;;;;;;;;;;;;;x
tb_hobgoblin_bivouac_4;Hobgoblin Bivouac;;;;;;;;;;;;;x
tb_hobgoblin_bivouac_desc;Moveable Temporary camping place of the Hobgoblin Raiders;;;;;;;;;;;;;x
#Hillgob
tb_arachnarok_pen_hill_1;Cave Arachnarok Pens;;;;;;;;;;;;;x
tb_arachnarok_pen_hill_1;Cave Arachnarok Pens;;;;;;;;;;;;;x
tb_arachnarok_pen_hill_1;Cave Arachnarok Pens;;;;;;;;;;;;;x
tb_arachnarok_pen_hill_4;Cave Arachnarok Pens;;;;;;;;;;;;;x
tb_arachnarok_pen_hill_desc;An Walled off Cave holding small horde of an Arachnarok Spiders to use for mounts for the local goblin tribe;;;;;;;;;;;;;x
tb_hill_goblin_arachnid_camp_1;Hill Goblin Hideout;;;;;;;;;;;;;x
tb_hill_goblin_arachnid_camp_2;Hill Goblin Hideout;;;;;;;;;;;;;x
tb_hill_goblin_arachnid_camp_3;Hill Goblin Lair;;;;;;;;;;;;;x
tb_hill_goblin_arachnid_camp_4;Hill Goblin Lair;;;;;;;;;;;;;x
tb_hill_goblin_arachnid_camp_desc;An Goblin fortress hidden in crevices of local cliffs;;;;;;;;;;;;;x
#
tb_orc_warcamp_1;Orc Warcamp;;;;;;;;;;;;;x
tb_orc_warcamp_2;Orc Warcamp;;;;;;;;;;;;;x
tb_orc_warcamp_3;Orc Warcamp;;;;;;;;;;;;;x
tb_orc_warcamp_4;Orc Warcamp;;;;;;;;;;;;;x
tb_orc_warcamp_desc;Orc Warcamp;;;;;;;;;;;;;x
tb_goblin_warcamp_1;Goblin Warcamp;;;;;;;;;;;;;x
tb_goblin_warcamp_2;Goblin Warcamp;;;;;;;;;;;;;x
tb_goblin_warcamp_3;Goblin Warcamp;;;;;;;;;;;;;x
tb_goblin_warcamp_4;Goblin Warcamp;;;;;;;;;;;;;x
tb_goblin_warcamp_desc;Goblin Warcamp;;;;;;;;;;;;;x
tb_orc_warcamp_pure_1;Orc Warcamp;;;;;;;;;;;;;x
tb_orc_warcamp_pure_2;Orc Warcamp;;;;;;;;;;;;;x
tb_orc_warcamp_pure_3;Orc Warcamp;;;;;;;;;;;;;x
tb_orc_warcamp_pure_4;Orc Warcamp;;;;;;;;;;;;;x
tb_orc_warcamp_pure_desc;Orc Warcamp;;;;;;;;;;;;;x
tb_goblin_warcamp_pure_1;Goblin Warcamp;;;;;;;;;;;;;x
tb_goblin_warcamp_pure_2;Goblin Warcamp;;;;;;;;;;;;;x
tb_goblin_warcamp_pure_3;Goblin Warcamp;;;;;;;;;;;;;x
tb_goblin_warcamp_pure_4;Goblin Warcamp;;;;;;;;;;;;;x
tb_goblin_warcamp_pure_desc;Goblin Warcamp;;;;;;;;;;;;;x
tb_big_uns_1;Big Uns Quarters;;;;;;;;;;;;;x
tb_big_uns_2;Big Uns Quarters;;;;;;;;;;;;;x
tb_big_uns_3;Big Uns Quarters;;;;;;;;;;;;;x
tb_big_uns_4;Big Uns Quarters;;;;;;;;;;;;;x
tb_big_uns_desc;Big Uns Quarters;;;;;;;;;;;;;x
tb_greenskin_shoota_range_1;Greenskin Shoota Range;;;;;;;;;;;;;x
tb_greenskin_shoota_range_2;Greenskin Shoota Range;;;;;;;;;;;;;x
tb_greenskin_shoota_range_3;Greenskin Shoota Range;;;;;;;;;;;;;x
tb_greenskin_shoota_range_4;Greenskin Shoota Range;;;;;;;;;;;;;x
tb_goblin_wolfpit_1;Goblin Wolf Pit;;;;;;;;;;;;;x
tb_goblin_wolfpit_2;Goblin Wolf Pit;;;;;;;;;;;;;x
tb_goblin_wolfpit_3;Goblin Wolf Pit;;;;;;;;;;;;;x
tb_goblin_wolfpit_4;Goblin Wolf Pit;;;;;;;;;;;;;x
no_waagh_camp_1;Small Waagh!;;;;;;;;;;;;;x
no_waagh_camp_2;Medium Waagh!;;;;;;;;;;;;;x
no_waagh_camp_3;Big Waagh!;;;;;;;;;;;;;x
no_waagh_camp_4;Large Waagh!;;;;;;;;;;;;;x
tb_waagh_camp_desc;Large Gathering of greenskins onto ongoing Waaagh!;;;;;;;;;;;;;x
no_greenskin_camp_1;Greenskin Encampment;;;;;;;;;;;;;x
no_greenskin_camp_2;Greenskin Encampment;;;;;;;;;;;;;x
no_greenskin_camp_3;Greenskin Encampment;;;;;;;;;;;;;x
no_greenskin_camp_4;Greenskin Encampment;;;;;;;;;;;;;x
no_greenskin_camp_5;Greenskin Encampment;;;;;;;;;;;;;x
no_orc_warcamp_1;Orc Warcamp;;;;;;;;;;;;;x
no_orc_warcamp_2;Orc Warcamp;;;;;;;;;;;;;x
no_orc_warcamp_3;Orc Warcamp;;;;;;;;;;;;;x
no_orc_warcamp_4;Orc Warcamp;;;;;;;;;;;;;x
no_goblin_warcamp_1;Goblin Warcamp;;;;;;;;;;;;;x
no_goblin_warcamp_2;Goblin Warcamp;;;;;;;;;;;;;x
no_goblin_warcamp_3;Goblin Warcamp;;;;;;;;;;;;;x
no_goblin_warcamp_4;Goblin Warcamp;;;;;;;;;;;;;x
no_orc_warcamp_pure_1;Orc Warcamp;;;;;;;;;;;;;x
no_orc_warcamp_pure_2;Orc Warcamp;;;;;;;;;;;;;x
no_orc_warcamp_pure_3;Orc Warcamp;;;;;;;;;;;;;x
no_orc_warcamp_pure_4;Orc Warcamp;;;;;;;;;;;;;x
no_goblin_warcamp_pure_1;Goblin Warcamp;;;;;;;;;;;;;x
no_goblin_warcamp_pure_2;Goblin Warcamp;;;;;;;;;;;;;x
no_goblin_warcamp_pure_3;Goblin Warcamp;;;;;;;;;;;;;x
no_goblin_warcamp_pure_4;Goblin Warcamp;;;;;;;;;;;;;x
no_big_uns_1;Big Uns Quarters;;;;;;;;;;;;;x
no_big_uns_2;Big Uns Quarters;;;;;;;;;;;;;x
no_big_uns_3;Big Uns Quarters;;;;;;;;;;;;;x
no_big_uns_4;Big Uns Quarters;;;;;;;;;;;;;x
no_greenskin_shoota_range_1;Greenskin Shoota Range;;;;;;;;;;;;;x
no_greenskin_shoota_range_2;Greenskin Shoota Range;;;;;;;;;;;;;x
no_greenskin_shoota_range_3;Greenskin Shoota Range;;;;;;;;;;;;;x
no_greenskin_shoota_range_4;Greenskin Shoota Range;;;;;;;;;;;;;x
tb_greenskin_shoota_range_desc;Greenskins Arrer Boyz hone their skill with their bows here when not bashing people from afar.;;;;;;;;;;;;;x
no_goblin_wolf_pit_1;Goblin Wolf Pit;;;;;;;;;;;;;x
no_goblin_wolf_pit_2;Goblin Wolf Pit;;;;;;;;;;;;;x
no_goblin_wolf_pit_3;Goblin Wolf Pit;;;;;;;;;;;;;x
no_goblin_wolf_pit_4;Goblin Wolf Pit;;;;;;;;;;;;;x
no_goblin_wolfpit_1;Goblin Wolf Pit;;;;;;;;;;;;;x
no_goblin_wolfpit_2;Goblin Wolf Pit;;;;;;;;;;;;;x
no_goblin_wolfpit_3;Goblin Wolf Pit;;;;;;;;;;;;;x
no_goblin_wolfpit_4;Goblin Wolf Pit;;;;;;;;;;;;;x
no_orc_boar_pit_1;Orc Boar Pit;;;;;;;;;;;;;x
no_orc_boar_pit_2;Orc Boar Pit;;;;;;;;;;;;;x
no_orc_boar_pit_3;Orc Boar Pit;;;;;;;;;;;;;x
no_orc_boar_pit_4;Orc Boar Pit;;;;;;;;;;;;;x
no_black_orc_camp_1;Black Orc Campsite;;;;;;;;;;;;;x
no_black_orc_camp_2;Black Orc Campsite;;;;;;;;;;;;;x
no_black_orc_camp_3;Black Orc Campsite;;;;;;;;;;;;;x
no_black_orc_camp_4;Black Orc Campsite;;;;;;;;;;;;;x
no_greenskin_palisades_0;Waagh! Camp Palisades;;;;;;;;;;;;;x
no_greenskin_palisades_1;Waagh! Camp Palisades;;;;;;;;;;;;;x
no_greenskin_palisades_2;Waagh! Camp Palisades;;;;;;;;;;;;;x
no_greenskin_palisades_3;Waagh! Camp Palisades;;;;;;;;;;;;;x
no_greenskin_palisades_4;Waagh! Camp Palisades;;;;;;;;;;;;;x
no_greenskin_palisades_5;Waagh! Camp Palisades;;;;;;;;;;;;;x
no_troll_pen_1;Troll Pen;;;;;;;;;;;;;x
no_troll_pen_2;Troll Pen;;;;;;;;;;;;;x
no_troll_pen_3;Troll Pen;;;;;;;;;;;;;x
no_troll_pen_4;Troll Pen;;;;;;;;;;;;;x
no_night_goblin_camp_1;Night Goblin Campsite;;;;;;;;;;;;;x
no_night_goblin_camp_2;Night Goblin Campsite;;;;;;;;;;;;;x
no_night_goblin_camp_3;Night Goblin Campsite;;;;;;;;;;;;;x
no_night_goblin_camp_4;Night Goblin Campsite;;;;;;;;;;;;;x
no_forest_goblin_camp_1;Forest Goblin Hideout;;;;;;;;;;;;;x
no_forest_goblin_camp_2;Forest Goblin Hideout;;;;;;;;;;;;;x
no_forest_goblin_camp_3;Forest Goblin Hideout;;;;;;;;;;;;;x
no_forest_goblin_camp_4;Forest Goblin Hideout;;;;;;;;;;;;;x
no_arachnarok_pen_1;Arachnarok Nest;;;;;;;;;;;;;x
no_arachnarok_pen_2;Arachnarok Nest;;;;;;;;;;;;;x
no_arachnarok_pen_3;Arachnarok Nest;;;;;;;;;;;;;x
no_arachnarok_pen_4;Arachnarok Nest;;;;;;;;;;;;;x
no_savage_orc_camp_1;Savage Orc Campsite;;;;;;;;;;;;;x
no_savage_orc_camp_2;Savage Orc Campsite;;;;;;;;;;;;;x
no_savage_orc_camp_3;Savage Orc Campsite;;;;;;;;;;;;;x
no_savage_orc_camp_4;Savage Orc Campsite;;;;;;;;;;;;;x
no_squig_1;Squig Herd;;;;;;;;;;;;;x
no_squig_2;Squig Herd;;;;;;;;;;;;;x
no_squig_3;Squig Herd;;;;;;;;;;;;;x
no_squig_4;Squig Herd;;;;;;;;;;;;;x
no_squig_5;Squig Herd;;;;;;;;;;;;;x
no_squig_6;Squig Herd;;;;;;;;;;;;;x
no_squig_desc;Goblin Slaves attend to the Goblinoid race of squigs here to feed the Waaagh!;;;;;;;;;;;;;x
no_effigy_mork;Effigy of Mork;;;;;;;;;;;;;x
no_effigy_gork;Effigy of Gork;;;;;;;;;;;;;x
tb_effigy_mork;Effigy of Mork;;;;;;;;;;;;;x
tb_effigy_gork;Effigy of Gork;;;;;;;;;;;;;x
tb_effigy_spider_god;Effigy of Spider God;;;;;;;;;;;;;x
tb_effigy_spider_god_desc;Da Effigy of illusava boss from the beyond;;;;;;;;;;;;;x
tb_effigy_gork_desc;Da Effigy of mighta Gork to show how much we can smash gits!;;;;;;;;;;;;;x
tb_effigy_mork_desc;Da Effigy of mighta Mork to show how cunningly much we can smash gits!;;;;;;;;;;;;;x
#cbs
empire_forest_claim;Claim;;;;;;;;;;;;;x
greenskin_subjugation;Greenskin Subjugation;;;;;;;;;;;;;x
greenskin_subjugation_desc;Greenskins can Subjugate Smaller and Weaker Greenskin tribes at Whim.;;;;;;;;;;;;;x
WAR_NAME_GREENSKIN_SUBJUGATION;$ATTACKER$'s $ORDER$ Subjugation against $DEFENDER$;;;;;;;;x
CB_NAME_GREENSKIN_SUBJUGATION;Greenskin Subjugation;;;;;;;;;;;;;x
waaagh_war;Waaagh!;;;;;;;;;;;;;x
waaagh_war_desc;Time to summon da gits to smash up everythin' for gork, mork and §Y$CLAIMANT$§!, they will be krumped!;;;;;;;;;;;;;x
CB_NAME_GREENSKIN_WAAAGH;Waaagh! Against realm of [FROM.PrimaryTitle.GetBaseName];;;;;;;;;;;;;x
WAR_NAME_GREENSKIN_WAAAGH;$ATTACKER$'s Waaagh! against $OTHER_TITLE$;;;;;;;;;;;;;x
greenskin_migration;Greenskin Migration!;;;;;;;;;;;;;x
greenskin_migration_desc;§Y$CLAIMANT$§! Capable greenskin warlord can take his men and take possession of weaker warlord elsewhere.;;;;;;;;;;;;;x
CB_NAME_GREENSKIN_MIGRATION;Migration to [Title.GetBaseName];;;;;;;;;;;;;x
WAR_NAME_GREENSKIN_MIGRATION;$ATTACKER$'s $ORDER$ Migration Into $OTHER_TITLE$;;;;;;;;;;;;;x
###Decisions
invite_looter;Enthrall Looter;;;;;;;;x
invite_looter_desc;Enthrall an Looter to serve your whim from amongst your Horde.;;;;;;;;x
invite_schemer;Enthrall Schemer;;;;;;;;x
invite_schemer_desc;Enthrall an Schemer to serve your whim from amongst your Horde.;;;;;;;;x
invite_warrior;Enthrall Warrior;;;;;;;;x
invite_warrior_desc;Enthrall an Warrior to serve your whim from amongst your Horde.;;;;;;;;x
dynamic_waaagh_outlier_tooltip_4;Have either character have a §RChampion§! Minor title or unlanded §GClan Member§!;;;;;;;;x
dynamic_waaagh_outliers;Occupy Territory for Greenskins;;;;;;;;x
dynamic_waaagh_outliers_desc;Allows occupation of selected area if its not too civilized and establish an greenskin presence;;;;;;;;x
dynamic_outlier_state_tooltip;Occupy all De-Jure Barony Titles of [Root.GetBaseName];;;;;;;;x
warband_call_to_waaagh;Call to Waaagh!;;;;;;;;x
warband_call_to_waaagh_desc;Rouse da Gits for an proppa bashin!;;;;;;;;x
summon_spirits_e;Summon Spirit Host;;;;;;;;x
summon_spirits_e_desc;You have a direct link with the mysterious forces of the weave. You can use it to call for a spirit host.;;;;;;;;;;;;;;
refurbish_special_building;Swap Special Building Type;;;;;;;;;;;;;x
refurbish_special_building_desc;Exchanges one tier of special unit producing building in favor for alternative (If Above tier 1);;;;;;;;;;;;;x
grant_landed_title_waagh;Grant Waagh! landed Title;;;;;;;;;;;;;x
grant_landed_title_waagh_desc;Grants an landed title to an suitable boss to rule over\n Requires an §MNoble§! with Atleast 10 §KMartial§! or already Rules Over Nearby land;;;;;;;;;;;;;x
split_clan_waagh;Split Horde;;;;;;;;;;;;;x
split_clan_waagh_desc;Splits Horde \n Requires an §MNoble of Same Culture§! and with Atleast 10 §KMartial§!;;;;;;;;;;;;;x
###Events
EVTDESC_HF_10021;[Root.Society.GetName]My fellow fightas of [Root.Society.GetName] have been questin' yer stupid choice of not choosin proppa enemy to bash.;;;;;;;;;;;;;x
EVTOPTB_WB_1;'Oi! Git over 'ere we got a Bashin' to do, don' care whoz is it.;;;;;;;;;;;;;x
EVTOPTD_WB_1;Let dem come over to uz... we shall sticka in ambush...;;;;;;;;;;;;;x
EVTOPTC_WB_1;'Oi! Those Stuntie gits oughta get bashin!;;;;;;;;;;;;;x
EVTDESC_HFP_10095_bash_duel;Tired of annoyin' git [combatant_1.GetBestName] constantly undermining de great [combatant_2.GetBestName], itz time to show him sum good bashin'!;;;;;;;;;;;;;x
EVTOPTA_HFP_10105_bash_duel;Foolish Git dare to oppose me!;;;;;;;;;;;;;x
EVTOPTB_HFP_10105_bash_duel;Get Krumped Git!;;;;;;;;;;;;;x
EVTDESC_HF_10005_ORK;[champion_character.GetTitledName] of [champion_character.Society.GetName] yellz at me. "Oi Panzee, To join our rankz, ya will need to pruuv youself, [Root.GetBoyGirl]", the [champion_character.GetManWoman] says gruffly, foldin' him [champion_character.GetHerHis] armz across [champion_character.GetHerHis] chest. "Ya be fightin' un of our best Boyz. interested, ye git?";;;;;;;;;;;;;x
EVTOPTA_HF_10005_ORK;I'll Smash 'im up!.;;;;;;;;;;;;;x
EVTOPTB_HF_10005_ORK;Skah, ain't joinin' sum dum warband!;;;;;;;;;;;;;x
EVTTITLE_WAAGH;WAAAGH!;;;;;;;;;;;;;x
EVTDESC_WAAGH_2;With the major victory at [Root.Location.GetName] your boyz are praising you!;;;;;;;;;;;;;x
EVTDESC_WAAGH_4;With the major defeat at [Root.Location.GetName] your boyz are losing faith in you!;;;;;;;;;;;;;x
EVTDESC_WAAGH_6;With the major victory at [Root.Location.GetName] your boyz are praising you!;;;;;;;;;;;;;x
EVTDESC_WAAGH_10;Oi! [Root.GetTitledFirstName] when ya gonna take Ladz on proppa Waaagh we been fightin' tirelessly past year we oughta attack meaner gits!;;;;;;;;;;;;;x
EVTOPTA_WAAAGH10;Ya dum gitz i decide when we go to Waaagh!;;;;;;;;;;;;;x
EVTOPTB_WAAAGH10;Alrith Gitz get da muv on we goin bashin everyone! WAAAGH!!!;;;;;;;;;;;;;x
EVTOPTC_WAAAGH10;Why botha to go Waaagh when we can enjoy our spoilz 'ere;;;;;;;;;;;;;x
EVTDESC_WAAGH11;With gits comin' from every nearby tribe imagineable to your glorius Warcamp of our great [Root.GetFirstNameWithNick] Warlord, it has become inconvience to maintain too sophistiicated presence.;;;;;;;;;;;;;x
EVTOPTA_WAAAGH11;Everythin' is Perrfec, lez go bashin!;;;;;;;;;;;;;x
EVTDESCWAAGH12;Our Foolish [From.GetTitledNameWithNick] has gone 'an gotten krumped leavin' boyz with out proppa leadership, everyfin' descendin' into anarachy an all dat...;;;;;;;;;;;;;x
EVTOPTA_WAAGH12;'Oi ya dum gitz! Git over 'ere befur me bash in youz skullz!;;;;;;;;;;;;;x
EVTOPTB_WAAGH12;Oi daz Mine! handz uff!;;;;;;;;;;;;;x
EVTDESCWAAGH14;With the Relentless approach of the [waagh_warboss_target.GetBestName], the defeats piling, land pillaged and ransacked, the land gets harder to manage with the rampaging hordes around the countryside, we have lost the faith of our vassals to hold the realm Intact.;;;;;;;;;;;;;x
EVTOPTAWAAGH17;Hoowaaagh!;;;;;;;;;;;;;x
EVTOPTBWAAGH17;Truly Grim news...;;;;;;;;;;;;;x
EVTOPTA_WAAGH14;I Will hold the realm intact even if i have to do it my self!;;;;;;;;;;;;;x
EVTOPTB_WAAGH14;Truly Grim End for our dear realm;;;;;;;;;;;;;x
EVTOPTC_WAAGH14;The Grobi have outdone themselves, this warrants entry for Dammaz Kron.;;;;;;;;;;;;;x
EVTDESCWAAGH17;'ow 'as da mighty fallen de puny [waagh_title.GetFullName] is no more, Praize Bigboss [waagh_title.waagh_warboss_target]!;;;;;;;;;;;;;x
EVTDESCWAAGH17B;With the high devastation of Waaagh in [waagh_title.GetFullName], the nation has ceased to be able to effectively govern its territories;;;;;;;;;;;;;x
EVTDESCWAAGH13;Our old [From.GetTitledNameWithNick] died, sharing the prestige amongst the remainder of the leadership of the clan;;;;;;;;;;;;;x
EVTDESC_WAAGH_24;As we camp for the night, mob bearing a torn battle banner approach. Led by the ruthless [holy_order_meeting.GetTitledName], they settle down with us for the night. Just before I was going to sleep, [holy_order_meeting.GetFirstName] asks if I want to stay up and converse with him.;;;;;;;;;;;;;x #Orkify
EVTOPTA_WAAGH_24;Great chance fur sum headbashing contest!.;;;;;;;;;;;;;x #Orkify
EVTOPTB_WAAGH_24;Ye Dum Git, not now!;;;;;;;;;;;;;x
EVTOPTC_WAAGH_24;How 'bout some of your Ladz join us?;;;;;;;;;;;;;x
EVTOPTD_WAAGH_24;Ya gits, are welcome to waaagh with us!;;;;;;;;;;;;;x #Orkify
EVTOPTD_WAAGH_24_TT;This Decision is available because you are High enough Rank with 20 Diplomacy or 35 Martial and 500 piety.;;;;;;;;;;;;;x
EVTDESC_WAAGH_25;With da waaagh goin' well alot of ladz have been arriving at your camp hopin' to get partake in the bashin';;;;;;;;;;;;;x
EVTDESC_WAAGH_25B;With da waaagh goin' slowz no many of da ladz are showing up anymore at our campz...;;;;;;;;;;;;;x
EVTOPTA_WAAGH_25;More Ladz!;;;;;;;;;;;;;x
EVTDESC_WAAGH_26;With da waaagh goin' well alot of ladz have been arriving at your camp hopin' to get partake in the bashin';;;;;;;;;;;;;x
EVTOPTB_WAAGH_26;Only my Boyz deserve to fight in me mob!;;;;;;;;;;;;;x
EVTOPTC_WAAGH_26;Let 'em Gits serve unda banner of [Root.GetFirstNameWithNick].;;;;;;;;;;;;;x
EVTDESC_WAAGH_27;The Momentum of the Waaagh grows stronger... Boldening the Warband;;;;;;;;;;;;;x
EVTOPTA_WAAGH_27;WaaAGH!!!;;;;;;;;;;;;;x
EVTDESC_WAAGH_50;My Warband have succefuly dominated region around [From.GetBaseName], and finally taken the last proper bastion of [overlordship_region.GetBaseName]. If I settled some of my Warband around here they surely would help the ongoing Waaagh!,but the Waaagh leader will not be pleased if I unrightfully take these lands for myself.;;;;;;;;;;;;;x
EVTOPTA_WAAGH_50;[overlordship_region.GetBaseName] sounds like an appropriate part of [Root.PrimaryTitle.GetName].;;;;;;;;;;;;;x
EVTOPTA_WAAGH_50_TT_1;§Y[Root.GetTitledName]§! usurps all the titles in the §YDuchy of [overlordship_region.GetBaseName]§!.;;;;;;;;;;;;;x
EVTOPTB_WAAGH_50;I will get one of the Bosses to rule it...;;;;;;;;;;;;;x
EVTOPTB_WAAGH_50_TT;§Y[current_greenskin_beneficiary.GetTitledName]§! will become an independent §Y[current_greenskin_beneficiary.GetDukeDuchessCap] of [overlordship_region.GetBaseName]§!.;;;;;;;;;;;;;x
EVTOPTC_WAAGH_50;These landz are worthlez!;Je n'ai que faire de ces terres.;Ich habe kein Interesse an diesem Land.;;No me interesan estas tierras.;;;;;x
EVTOPTD_WAAGH_50;[Root.PrimaryTitle.GetName] will move down to [overlordship_region.GetBaseName] to establizh da spearhead!;;;;;;;;;;;;;x
EVTOPTA_greenskins_waaagh_wait;Jus' wait you runts;;;;;;;;;;;;;x
EVTDESCWAAGH_30;The Chief could sure use some help managing his underlings, perhaps you could keep them on track your unrulyness?;;;;;;;;;;;;;;
EVTDESCWAAGH_30b;[From.GetFirstName] claims he could help you manage your ever growing domain, oi Mighty Leader! you could give him some men to manage.;;;;;;;;;;;;;;
EVTOPTwaagh_30A;Skah! fine then Git.;;;;;;;;;;;;;;
EVTOPTwaagh_30B;Skah! get that git far from here!.;;;;;;;;;;;;;;
EVTOPTBwaagh_30;Never! Runtz follow my Rulez!;;;;;;;;;;;;;;
EVTOPTCwaagh_30;I shall manage!;;;;;;;;;;;;;;
waaagh_migration_tooltip;§Y[Root.GetTitledName]§! Abandon all [Root.GetHerHis] old provinces to settle down in §Y[overlordship_region.GetBaseName]§!;;;;;;;;;;;;;x
EVTTITLE_WAAGH_51;Warlord [current_greenskin_beneficiary.GetLordLady] of [overlordship_region.GetBaseName];;;;;;;;;;;;;x
EVTDESC_WAAGH_51;The [From.Religion.GetGroupName]s have taken [overlordship_region.GetBaseName] and established new strongholds with their soldiers around the area. Though the Waaagh! for [crusade_title.GetName] is still ongoing, the area around [overlordship_region.GetBaseName] is indisputably in the hands of [current_greenskin_beneficiary.GetTitledName].\n\nEmboldened and supported by the new warlord of [overlordship_region.GetBaseName], Greenskins fight harder than ever to devastate [crusade_title.GetName]. It is only a matter of time before the rest of the [crusade_target_ruler.Religion.GetGroupName] realms will fall.;;;;;;;;;;;;;x
EVTTITLE_WAAGH_52;Warlord of [overlordship_region.GetBaseName];;;;;;;;;;;;;x
EVTDESC_WAAGH_52;The [From.Religion.GetGroupName]s have taken [overlordship_region.GetBaseName] and settled their soldiers around the area. Though the Waaagh! for [crusade_title.GetName] is still ongoing, the area around [overlordship_region.GetBaseName] is indisputably in the hands of [From.GetTitledName].\n\nThe Greenskins are emboldened and supported by the selfless [From.GetDynName], who abdicated all [From.GetHerHis] old titles to settle down in [overlordship_region.GetBaseName] and take the fight to the [crusade_title.GetAdjective]. It is only a matter of time before the rest of the [crusade_target_ruler.Religion.GetGroupName] realms will fall.;;;;;;;;;;;;;x
EVTTITLE_WAAGH_53;Warlord of [overlordship_region.GetBaseName];;;;;;;;;;;;;x
EVTDESC_WAAGH_53;The Greenskin Warlord [From.GetDynName]'s horde have overtaken [overlordship_region.GetBaseName] and claimed them in name of the [from.GetOnlyDynastyName] Dominion, Though the Waaagh! for [crusade_title.GetName] is still ongoing, the area around [overlordship_region.GetBaseName] is indisputably in the hands of [From.GetTitledName].\n\nIt is only a matter of time before the rest of the [crusade_target_ruler.Religion.GetGroupName] realms will fall.;;;;;;;;;;;;;x
EVTOPTC_WAAGH_51;I wantz to be [current_greenskin_beneficiary.GetDynName].;;;;;;;;;;;;;x
EVTOPTB_WAAGH_51;Bash on, brothers!;;;;;;;;;;;;;x
#EVTOPTC_HFP_42101;I miss [From.GetFirstName]...;[From.GetFirstName] me manque...;Ich vermisse [From.GetFirstName]...;;Echo de menos a [From.GetFirstName]…;;;;;;;;;x
###Dawi
gov_greenskin_waagh;Greenskin Waaagh! of [GetOnlyDynastyName] Clan;;;;;;;;;;;;;x
##Tooltip
immortal_age_T;Establish Mining Outpost.;;;;;;;;;;;;;x
convert_fightiness_empowerment;Fightiness is reduced for Waaagh Fervor.;;;;;;;;;;;;;x
create_mining_post;Establish Mining Outpost.;;;;;;;;;;;;;x
create_mining_post_desc;Send in a team to establish mining camp in the selected Province. n/ It Costs More the further away they are or Dislike you, or is owned by different realm.;;;;;;;;;;;;;x
mining_outpost_allow8;Have less than 8 Mining Outposts;;;;;;;;;;;;;x
mining_outpost_allow6;Have less than 6 Mining Outposts;;;;;;;;;;;;;x
mining_outpost_allow4;Have less than 4 Mining Outposts;;;;;;;;;;;;;x
mining_outpost_allow2;Have less than 2 Mining Outposts;;;;;;;;;;;;;x
