	#CODE;ENGLISH;FRENCH;GERMAN;;SPANISH;;;;;;;;;x #Prince of Darkness
##########################################
#####	Written by Deadliest Income	######
##########################################
###ÄNSI
#Societies
quest_military_war;Wage War;;;;;;;;;;;;x
quest_military_war_desc;A warrior cannot afford to grow idle, in the comfort of their home! Spreading one's name, as well as domain, is a clear path to glory.;;;;;;;;;;;;x
currency_name_warriors_of_ulric;Ferocity;;;;;;;;;;;;x 
warriors_of_ulric;Warriors of Ulric;;;;;;;;;;;;x
warriors_of_ulric_desc;The Warriors of Ulric are not formal regiments, but followers of the Wolf God from many fighting professions united in their service of the Ar-Ulric. As such, they often carry a diverse selection of weaponry and equipment.;;;;;;;;;;;;x
warriors_of_ulric_rank_4_female;Teutogen Guard;;;;;;;;;;;;x
warriors_of_ulric_rank_3_female;Ulrican Knight;;;;;;;;;;;;x
warriors_of_ulric_rank_2_female;Warrioress of Ulric;;;;;;;;;;;;x
warriors_of_ulric_rank_1_female;Iniate;;;;;;;;;;;;x
warriors_of_ulric_rank_4_male;Teutogen Guard;;;;;;;;;;;;x
warriors_of_ulric_rank_3_male;Ulrican Knight;;;;;;;;;;;;x
warriors_of_ulric_rank_2_male;Warrior of Ulric;;;;;;;;;;;;x
warriors_of_ulric_rank_1_male;Iniate;;;;;;;;;;;;x
warriors_of_ulric_leader_desc;The Teutogen Guard is an elite unit within the Knights of the White Wolf, forming the personal bodyguard of the High Priest of Ulric.;;;;;;;;;;;;x
EVTDESCBWB25021;I must show my devotion to the [Root.Religion.GetHighGodName], if I wish for him to favor me in battle. The greater my sacrifice, the greater will be the reward that the Papa Nurgle will grant me.;;;;;;;;;;;;x
EVTDESCAWB25021;I must show my devotion to the ruinous patron of my warband if I wish for them to favor me in battle. The greater my sacrifice, the greater will be the reward that the ruinous powers will grant me in the wars to come.;;;;;;;;;;;;x
EVTDESCBHF25021;I must show my devotion to my order if I wish for them to assist me in battle. The greater my sacrifice, the greater will be the reward that the order will grant me in the wars to come.;;;;;;;;;;;;x
EVTOPTCWB2501;I shall let loose a disease to bewilder the great Nurgle!.;;;;;;;;;;;;x
EVTOPTCCWB2501;I shall let loose a disease to please the great Nurgle!.;;;;;;;;;;;;x
EVTOPTBWB2501;Only the boldest of experiments shall be rewarded by Nurgle!.;;;;;;;;;;;;x
EVTOPTAWB2501;I will give the greatest gift of Nurgle to my own flesh and blood to please Papa Nurgle!;;;;;;;;;;;;x
EVTOPTTHF25021;I will sacrifice my most beloved family member to please Tzeentch!;;;;;;;;;;;;x
EVTOPTKWB25021;I shall duel one of my best commanders to a death to please Khorne!;;;;;;;;;;;;x
available_due_to_warband;This option is available because you are a member of §Y[Root.Society.GetName]§!.;;;;;;;;;;;;x
available_due_to_warband;This option is available because you are a member of §Y[Root.Society.GetName]§!.;;;;;;;;;;;;x
choose_chaos_aspect_allow_tt;Is NOT currently choosing a Chaos Aspect;;;;;;;;;;;;;x
release_mysterious_concoction;Releases Deadly disease in settlement, §ZCausing Prosperity Drop!§!;;;;;;;;;;;;;x